None,0.0000,0.3687,1.6017,8.4922,0.9697,-0.5033,0.0924,-13.6000,29.7000,-12.0000,Motorbike
None,0.0000,1.4102,2.6157,10.1670,0.3662,-0.3792,0.4368,-13.6000,29.3000,-12.4000,Motorbike
None,0.0000,-1.1271,0.8942,11.2001,0.0250,-0.2961,0.3859,-13.6000,28.9000,-13.2000,Motorbike
None,0.0000,-0.2053,1.2893,10.9894,0.1550,-0.5867,0.6666,-14.0000,28.9000,-13.2000,Motorbike
None,0.0000,2.0973,2.8096,10.7847,0.5111,-0.6842,1.2306,-14.0000,28.9000,-14.2000,Motorbike
None,0.0000,2.8461,2.6983,10.2346,1.0738,-1.4176,1.1108,-14.0000,28.2000,-14.2000,Motorbike
None,0.0000,1.4934,1.1402,7.7758,1.3638,-1.8019,0.2423,-14.4000,27.2000,-14.7000,Motorbike
None,0.0000,1.0289,1.7262,9.2416,1.1470,-1.9335,-0.2389,-14.4000,26.1000,-15.3000,Motorbike
None,0.0000,0.8703,2.2308,11.6035,0.7436,-1.8565,-0.0879,-15.8000,25.5000,-15.3000,Motorbike
None,0.0000,-0.3837,1.0552,11.2300,1.1047,-1.3049,0.3318,-17.3000,25.0000,-15.7000,Motorbike
None,0.0000,2.0399,2.2254,8.3773,1.7569,-1.2695,0.9782,-18.6000,23.7000,-15.7000,Motorbike
None,0.0000,2.4948,1.4054,6.2351,1.1164,0.1417,1.4709,-18.6000,22.9000,-16.2000,Motorbike
None,0.0000,1.6723,1.2061,11.1366,0.3515,-0.4692,1.5918,-18.6000,22.9000,-16.2000,Motorbike
None,0.0000,2.7857,0.9762,11.6023,-0.1718,-0.6940,1.9042,-18.0000,23.4000,-16.2000,Motorbike
None,0.0000,6.1609,0.8739,7.9218,-0.1406,1.7252,2.0426,-16.7000,23.4000,-16.2000,Motorbike
None,0.0000,6.3572,3.7344,6.5332,0.3334,2.4205,1.8461,-14.7000,23.4000,-17.0000,Motorbike
None,0.0000,5.5821,4.1264,4.0689,0.7175,0.8506,1.3838,-14.0000,22.8000,-17.4000,Motorbike
None,0.0000,3.9211,3.6308,5.3271,0.1744,-0.6181,0.8967,-14.0000,22.8000,-17.9000,Motorbike
None,0.0000,7.8374,4.2054,15.9747,-0.6605,-2.3723,0.5973,-15.1000,22.8000,-17.3000,Motorbike
None,0.0000,3.3255,0.5315,12.3774,-0.6509,-0.7910,-0.1057,-15.6000,22.8000,-17.3000,Motorbike
None,0.0000,1.5401,1.9513,14.8339,0.2381,1.3715,-0.9622,-15.1000,22.8000,-17.3000,Motorbike
None,0.0000,-0.5884,0.7159,16.6930,1.4930,2.2131,-1.5715,-14.3000,21.4000,-17.8000,Motorbike
None,0.0000,-0.6063,0.0275,14.2246,3.2320,2.3931,-1.6775,-13.5000,17.9000,-19.1000,Motorbike
None,0.0000,-4.7088,-1.3515,10.8170,5.0267,2.6320,-1.1979,-12.1000,13.5000,-21.2000,Motorbike
None,0.0000,-2.6306,-0.6069,6.2225,6.4944,2.6901,-0.4847,-10.1000,7.3000,-22.1000,Motorbike
None,0.0000,2.4798,2.4918,-0.4699,6.6331,3.4773,0.6847,-7.4000,1.0000,-23.0000,Motorbike
None,0.0000,5.3145,8.4581,2.1021,5.5878,3.6717,1.4711,-4.6000,-4.1000,-22.6000,Motorbike
None,0.0000,7.1401,12.3655,1.7274,4.5162,1.4783,1.1454,-3.5000,-7.9000,-21.5000,Motorbike
None,0.0000,7.1401,12.3655,1.7274,3.8192,1.1492,-0.4602,-2.7000,-10.7000,-20.7000,Motorbike
None,0.0000,-1.4587,5.0512,5.8233,3.2278,0.9729,-1.6727,-1.7000,-13.7000,-20.7000,Motorbike
None,0.0000,-1.0050,7.5477,2.0213,2.9015,0.2642,-1.4112,-1.1000,-15.1000,-19.4000,Motorbike
None,0.0000,-1.6753,7.0306,3.5739,1.9452,-0.1827,-1.0903,-1.1000,-17.4000,-18.4000,Motorbike
None,0.0000,-2.2230,6.9145,4.3790,1.0599,-0.1017,-1.2096,-0.6000,-17.4000,-18.4000,Motorbike
None,0.0000,-0.9589,8.1576,4.1617,0.9084,-0.2312,-1.1135,-0.6000,-17.8000,-17.8000,Motorbike
None,0.0000,-2.2960,6.3105,2.6845,1.0016,0.0154,-1.2472,-0.1000,-18.7000,-17.8000,Motorbike
None,0.0000,-1.1762,7.3741,1.8184,1.1113,0.1406,-1.1790,0.6000,-19.1000,-17.2000,Motorbike
None,0.0000,-1.5927,6.5529,1.6957,0.8754,-0.2565,-0.8860,1.3000,-19.8000,-16.6000,Motorbike
None,0.0000,-0.3268,7.0928,1.6113,0.5350,-0.0376,-0.6956,1.3000,-19.8000,-15.9000,Motorbike
None,0.0000,0.0844,7.9487,1.1558,0.5649,-0.0210,-0.3350,1.3000,-19.8000,-15.4000,Motorbike
None,0.0000,0.0144,8.2768,0.3005,0.6192,-0.0043,-0.3539,1.3000,-20.8000,-15.4000,Motorbike
None,0.0000,0.5130,8.5174,-1.0983,0.4173,0.1286,-0.4037,1.3000,-20.8000,-15.4000,Motorbike
None,0.0000,0.3166,9.1375,-1.5251,0.1302,0.1814,-0.2485,1.3000,-20.8000,-14.2000,Motorbike
None,0.0000,1.5329,8.9513,-1.5329,-0.3470,0.3241,-0.2690,1.9000,-20.0000,-14.2000,Motorbike
None,0.0000,0.3244,8.7155,-1.0576,-0.6863,0.4485,-0.2794,2.3000,-20.0000,-14.2000,Motorbike
None,0.0000,-2.1907,8.9370,1.3737,-1.0251,0.6828,-0.4400,2.3000,-19.2000,-14.9000,Motorbike
None,0.0000,-2.1237,9.6055,2.9084,-1.0370,0.9385,-0.3467,3.1000,-18.6000,-14.9000,Motorbike
None,0.0000,-2.5893,9.5996,2.8311,-0.4304,0.8400,-0.2719,3.6000,-18.1000,-14.9000,Motorbike
None,0.0000,-1.4886,10.2657,0.6554,0.3875,0.6866,-0.3715,4.2000,-18.1000,-14.5000,Motorbike
None,0.0000,-1.6616,10.8068,-0.3106,0.7657,0.7553,-0.2218,4.7000,-18.7000,-14.5000,Motorbike
None,0.0000,-1.6376,10.7302,1.9495,0.2402,0.6293,-0.3007,5.3000,-18.7000,-14.5000,Motorbike
None,0.0000,-2.5947,10.3214,4.3395,-0.5044,0.7483,-0.4288,5.3000,-19.1000,-14.5000,Motorbike
None,0.0000,-2.4343,11.5760,4.1689,-0.2716,1.1489,-0.3654,5.3000,-19.1000,-14.5000,Motorbike
None,0.0000,-1.6275,11.7202,2.0315,0.5036,0.5870,-0.3672,5.9000,-19.1000,-14.5000,Motorbike
None,0.0000,-3.3842,11.4557,2.0057,0.7683,0.1470,-0.3145,7.0000,-19.1000,-14.5000,Motorbike
None,0.0000,-4.7830,11.4910,2.9173,0.2834,0.4762,-0.1015,7.0000,-19.1000,-14.0000,Motorbike
None,0.0000,-4.7830,11.4910,2.9173,0.2586,0.7177,0.3595,7.0000,-19.1000,-14.0000,Motorbike
None,0.0000,-0.7045,8.9848,3.4081,0.6653,0.5665,0.5635,7.0000,-19.1000,-13.5000,Motorbike
None,0.0000,-2.5564,10.0096,0.4567,1.4666,0.1446,0.8051,7.0000,-19.1000,-13.5000,Motorbike
None,0.0000,-2.7683,10.3310,-1.8417,2.0525,0.1670,1.1425,6.5000,-19.1000,-12.2000,Motorbike
None,0.0000,-0.5590,8.4473,-2.6007,2.7143,0.5467,1.5121,6.5000,-20.2000,-10.2000,Motorbike
None,0.0000,-0.2430,7.5639,-3.0909,3.2248,0.6296,1.5982,5.8000,-22.0000,-8.0000,Motorbike
None,0.0000,-2.0943,9.0237,-1.4293,2.8475,0.8096,1.2898,5.8000,-24.5000,-5.8000,Motorbike
None,0.0000,-4.2036,9.9000,-0.1897,2.0671,0.8480,1.3910,5.8000,-26.1000,-4.0000,Motorbike
None,0.0000,0.0221,10.3136,-1.2336,1.8054,0.9049,1.5867,5.8000,-27.4000,-2.9000,Motorbike
None,0.0000,2.1039,11.1013,-1.9070,2.1007,0.3875,1.9428,6.2000,-28.4000,-1.4000,Motorbike
None,0.0000,-1.4898,10.1203,-2.3098,2.0655,0.2621,1.5071,5.4000,-29.2000,0.6000,Motorbike
None,0.0000,-1.0858,8.4366,-1.8597,1.3987,1.1278,1.1659,4.4000,-29.6000,1.6000,Motorbike
None,0.0000,1.9986,7.0150,-2.5552,0.5851,2.2906,1.3907,3.8000,-30.0000,2.6000,Motorbike
None,0.0000,3.3441,5.1781,-4.5592,0.1009,2.5577,1.5329,3.2000,-30.0000,2.6000,Motorbike
None,0.0000,5.4636,6.3518,-9.2943,0.0783,1.1057,1.0983,1.6000,-30.0000,3.9000,Motorbike
None,0.0000,4.2802,11.3240,-7.0425,-0.4037,-1.8160,0.3976,1.6000,-29.6000,3.1000,Motorbike
None,0.0000,1.0014,19.3278,-6.4937,-0.9918,-4.1457,-0.5989,0.6000,-29.6000,2.1000,Motorbike
None,0.0000,2.9491,19.6127,-3.5847,-2.1148,-2.5995,-1.5713,0.6000,-28.4000,0.7000,Motorbike
None,0.0000,-6.8414,9.3362,2.2942,-1.8474,-1.4807,-1.4091,0.6000,-28.4000,-0.4000,Motorbike
None,0.0000,-3.1855,7.2832,1.5101,-0.9321,-1.6075,-1.0354,1.2000,-27.6000,-1.4000,Motorbike
None,0.0000,0.7350,9.5529,-0.4788,-0.4458,-1.0384,-0.0911,1.2000,-26.9000,-2.0000,Motorbike
None,0.0000,2.2230,10.5040,-2.7557,0.0703,-0.2226,0.1111,0.7000,-27.5000,-2.0000,Motorbike
None,0.0000,1.8854,10.5896,-3.1101,0.3390,0.0695,0.0181,0.7000,-27.5000,-1.3000,Motorbike
None,0.0000,1.3120,9.5966,-3.1137,0.3936,-0.0272,-0.0929,0.7000,-28.1000,-1.3000,Motorbike
None,0.0000,0.8326,9.5810,-2.4804,0.3870,-0.0083,-0.1238,1.1000,-28.1000,-0.4000,Motorbike
None,0.0000,0.2017,9.4703,-1.8310,0.3734,-0.1952,-0.1228,1.1000,-28.6000,-0.4000,Motorbike
None,0.0000,-0.6381,9.4433,-2.2200,0.4919,-0.3470,0.0304,1.1000,-28.6000,0.1000,Motorbike
None,0.0000,-0.6381,9.4433,-2.2200,0.7348,-0.2642,0.2876,1.1000,-28.6000,1.0000,Motorbike
None,0.0000,1.3348,8.9753,-3.1334,0.9430,-0.3342,0.5481,1.1000,-28.6000,0.5000,Motorbike
None,0.0000,2.6635,8.7945,-6.4733,1.0946,-0.5329,0.5854,0.5000,-28.6000,1.1000,Motorbike
None,0.0000,3.3351,8.7813,-5.9616,1.0980,-0.6272,0.5752,0.5000,-28.6000,2.5000,Motorbike
None,0.0000,4.4724,8.8155,-5.4785,0.7393,-1.1406,0.3441,0.1000,-28.6000,2.5000,Motorbike
None,0.0000,2.6534,7.7943,-2.6755,0.6298,-1.5904,-0.0037,0.1000,-28.6000,2.5000,Motorbike
None,0.0000,-1.9968,8.4575,-4.7788,0.6538,-1.3529,-0.6112,0.1000,-28.6000,2.9000,Motorbike
None,0.0000,-1.5149,9.7797,-5.5318,0.8418,-0.3377,-0.6703,-0.3000,-28.6000,3.6000,Motorbike
None,0.0000,0.2604,9.7665,-6.9587,0.8783,0.2498,-0.3286,-0.3000,-28.6000,4.2000,Motorbike
None,0.0000,1.6005,8.8915,-8.0786,0.8219,0.3734,-0.1236,-0.3000,-29.1000,4.2000,Motorbike
None,0.0000,1.5083,8.2881,-6.6301,0.5720,0.2788,-0.1574,-0.3000,-29.5000,5.7000,Motorbike
None,0.0000,0.3220,8.6090,-3.8301,0.1723,0.1513,-0.3419,-0.3000,-29.5000,5.7000,Motorbike
None,0.0000,0.9379,8.9609,-3.7523,0.2546,0.1923,-0.4091,-0.3000,-29.5000,5.7000,Motorbike
None,0.0000,1.6765,8.3306,-7.3281,0.5244,-0.1419,-0.2991,-0.3000,-29.5000,6.3000,Motorbike
None,0.0000,0.4902,8.4102,-7.0306,0.6147,-0.2807,-0.3646,-0.7000,-30.0000,6.7000,Motorbike
None,0.0000,-0.4794,8.9585,-6.3788,0.3755,-0.4152,-0.3550,-0.7000,-30.0000,7.5000,Motorbike
None,0.0000,-1.3557,8.8160,-5.1409,0.2226,-0.2621,-0.1641,-0.7000,-30.0000,7.5000,Motorbike
None,0.0000,-0.4010,8.8681,-5.5809,0.2911,0.1561,0.0876,-0.7000,-30.4000,7.5000,Motorbike
None,0.0000,-0.7069,8.1762,-6.5242,0.5297,0.3358,0.3204,-0.7000,-30.4000,8.0000,Motorbike
None,0.0000,-1.1971,6.0837,-6.1591,0.6581,0.3012,0.5124,-0.7000,-30.8000,8.8000,Motorbike
None,0.0000,1.0068,8.1600,-4.7136,0.4826,0.5377,0.6807,-0.7000,-30.8000,9.4000,Motorbike
None,0.0000,1.5269,7.4980,-7.2544,0.3694,0.2069,0.8352,-1.1000,-30.8000,9.4000,Motorbike
None,0.0000,5.4504,7.3364,-10.1119,0.8282,-0.3151,1.0943,-1.1000,-31.3000,9.9000,Motorbike
None,0.0000,1.3599,7.8883,-7.0952,0.5816,-1.2749,0.8762,-1.1000,-31.3000,10.7000,Motorbike
None,0.0000,-0.0467,8.0361,-4.6495,0.0344,-0.4876,0.4306,-1.5000,-31.3000,10.7000,Motorbike
None,0.0000,0.4567,8.0206,-5.9071,0.0866,0.0842,0.5436,-2.2000,-31.3000,10.7000,Motorbike
None,0.0000,0.8936,7.3747,-7.7303,0.2037,0.0226,0.8085,-2.8000,-31.7000,10.7000,Motorbike
None,0.0000,-0.2125,7.3640,-6.2453,0.0759,-0.6088,0.9076,-3.8000,-31.7000,11.9000,Motorbike
None,0.0000,0.9858,8.2845,-4.7315,-0.1566,-0.7744,1.0922,-4.7000,-31.7000,11.9000,Motorbike
None,0.0000,1.0439,8.4330,-4.3934,-0.0722,-0.5313,1.2072,-5.6000,-31.7000,11.4000,Motorbike
None,0.0000,2.7186,10.2412,-7.6704,0.1891,-0.1180,1.1302,-6.9000,-31.7000,11.4000,Motorbike
None,0.0000,3.3357,9.4972,-9.2380,0.2493,0.0309,0.8349,-7.6000,-31.7000,12.4000,Motorbike
None,0.0000,4.5089,7.1736,-1.8729,-0.3310,-0.6389,0.3736,-7.6000,-31.7000,12.0000,Motorbike
None,0.0000,2.2805,6.1369,-3.8020,-0.5414,-0.5246,-0.1361,-7.6000,-31.7000,12.4000,Motorbike
None,0.0000,2.5588,7.9380,-3.7930,-0.1832,0.5380,-0.5159,-8.0000,-31.7000,11.4000,Motorbike
None,0.0000,2.5474,8.7376,-4.3323,-0.2040,0.7020,-0.7526,-6.8000,-31.7000,11.4000,Motorbike
None,0.0000,2.5474,8.7376,-4.3323,-0.2708,0.5483,-0.9609,-6.1000,-31.7000,11.4000,Motorbike
None,0.0000,1.9878,9.9695,-3.9450,-0.3816,0.2120,-1.1494,-5.3000,-31.7000,11.4000,Motorbike
None,0.0000,0.8242,10.0245,-3.9025,-0.4322,0.0021,-1.3651,-4.9000,-31.7000,11.4000,Motorbike
None,0.0000,-0.7566,10.1023,-3.9091,-0.4711,0.0165,-1.5468,-4.3000,-31.7000,11.4000,Motorbike
None,0.0000,-2.6779,10.0048,-3.9474,-0.4503,0.0850,-1.6666,-4.3000,-31.7000,11.4000,Motorbike
None,0.0000,-2.7569,9.9958,-3.7415,-0.3337,0.0479,-1.6030,-3.5000,-31.7000,11.4000,Motorbike
None,0.0000,-2.6426,10.0952,-3.1047,-0.2506,-0.0549,-1.2860,-2.6000,-31.7000,11.4000,Motorbike
None,0.0000,-2.6480,9.8665,-3.4680,-0.0772,-0.1864,-1.0160,-1.6000,-31.3000,10.1000,Motorbike
None,0.0000,-1.9986,9.6462,-4.0348,0.1830,-0.2346,-0.7926,-0.7000,-31.3000,9.4000,Motorbike
None,0.0000,-1.9914,8.5180,-5.4516,0.4019,-0.2096,-0.6543,-0.7000,-31.3000,9.4000,Motorbike
None,0.0000,-2.0997,7.5543,-8.0697,0.5308,-0.0921,-0.6368,-0.7000,-31.3000,9.4000,Motorbike
None,0.0000,-1.7047,7.9236,-7.0958,0.3377,-0.2796,-0.5920,-0.3000,-30.9000,9.4000,Motorbike
None,0.0000,-1.2833,9.0471,-5.8562,-0.0378,-0.4610,-0.4639,-0.3000,-30.9000,9.4000,Motorbike
None,0.0000,-0.8697,9.1824,-4.6651,-0.2413,-0.2740,-0.3720,0.2000,-30.9000,9.0000,Motorbike
None,0.0000,-0.6817,8.9088,-3.8331,-0.3023,-0.2575,-0.4037,0.6000,-30.9000,8.6000,Motorbike
None,0.0000,-0.6410,8.7035,-2.8353,-0.2778,-0.3193,-0.6863,0.6000,-30.9000,8.6000,Motorbike
None,0.0000,-0.4076,8.6622,-2.1584,-0.2525,-0.3222,-1.1958,1.6000,-30.9000,8.2000,Motorbike
None,0.0000,-2.5295,8.1289,-3.0077,-0.0125,-0.3790,-1.7694,2.4000,-30.9000,8.2000,Motorbike
None,0.0000,-5.0021,7.3412,-5.1637,0.3438,-0.4911,-2.0703,2.0000,-30.4000,8.2000,Motorbike
None,0.0000,-6.6529,6.3440,-6.3452,0.3230,-0.6546,-1.7412,2.8000,-30.4000,8.2000,Motorbike
None,0.0000,-4.7118,6.1699,-5.7389,0.1883,-1.1430,-1.0053,3.7000,-30.4000,8.2000,Motorbike
None,0.0000,-2.0895,6.4949,-6.1603,0.1593,-1.1761,-0.1872,3.7000,-30.4000,7.7000,Motorbike
None,0.0000,-3.3830,7.5519,-5.2391,0.0525,-0.8703,0.1073,2.9000,-30.4000,7.7000,Motorbike
None,0.0000,-5.5043,8.3929,-4.1348,-0.1811,-0.5310,0.0591,2.9000,-30.0000,7.7000,Motorbike
None,0.0000,-5.4923,9.0010,-4.0755,-0.3209,-0.3137,0.0341,2.9000,-30.0000,7.3000,Motorbike
None,0.0000,-4.0223,9.1985,-3.6949,-0.3502,-0.2551,0.2035,2.4000,-30.0000,7.3000,Motorbike
None,0.0000,-3.2400,8.6281,-3.1963,-0.3326,-0.2706,0.4075,2.4000,-30.0000,6.6000,Motorbike
None,0.0000,-2.7360,8.2091,-3.2298,-0.3561,-0.1188,0.4759,2.4000,-30.0000,6.6000,Motorbike
None,0.0000,-2.7102,8.0768,-3.3160,-0.3491,0.2139,0.4155,2.4000,-30.0000,5.8000,Motorbike
None,0.0000,-3.4028,8.4731,-3.3124,-0.4144,0.2951,0.2916,2.4000,-29.6000,5.8000,Motorbike
None,0.0000,-3.7547,8.5078,-2.9802,-0.5049,0.2621,0.1763,2.4000,-29.6000,5.4000,Motorbike
None,0.0000,-4.2246,8.4312,-2.7874,-0.4807,0.2045,0.0860,2.4000,-29.6000,5.4000,Motorbike
None,0.0000,-4.9207,8.3612,-2.5983,-0.3481,0.1728,-0.0154,2.4000,-29.6000,4.8000,Motorbike
None,0.0000,-4.9410,8.8514,-3.2136,-0.2104,0.2157,-0.0860,2.4000,-29.6000,4.8000,Motorbike
None,0.0000,-5.0111,8.7634,-3.8612,-0.1084,0.3049,-0.1156,2.4000,-29.2000,4.8000,Motorbike
None,0.0000,-4.6573,8.6730,-3.6625,-0.1704,0.3300,-0.1361,2.4000,-29.2000,4.8000,Motorbike
None,0.0000,-4.2892,8.8412,-3.5476,-0.2695,0.3300,-0.0823,2.4000,-29.2000,4.4000,Motorbike
None,0.0000,-3.8164,9.3482,-3.1029,-0.3313,0.4304,-0.0621,2.4000,-29.2000,4.4000,Motorbike
None,0.0000,-3.6565,9.6636,-3.0484,-0.3742,0.4333,-0.0679,2.4000,-29.2000,4.4000,Motorbike
None,0.0000,-3.6512,9.5193,-3.5727,-0.3198,0.4522,-0.1055,2.4000,-29.2000,4.0000,Motorbike
None,0.0000,-3.8373,9.2482,-3.6434,-0.2607,0.4639,-0.1534,2.4000,-29.2000,4.0000,Motorbike
None,0.0000,-3.9726,9.3116,-3.7924,-0.2306,0.4607,-0.1784,2.4000,-29.2000,4.0000,Motorbike
None,0.0000,-3.6500,9.4786,-3.9498,-0.2200,0.4328,-0.1334,2.4000,-29.2000,3.4000,Motorbike
None,0.0000,-3.4698,9.4786,-4.4999,-0.2067,0.3957,-0.0674,2.4000,-29.2000,3.4000,Motorbike
None,0.0000,-3.2986,9.4852,-3.8188,-0.2740,0.3891,-0.0250,2.4000,-29.2000,3.4000,Motorbike
None,0.0000,-3.2226,9.1578,-3.5560,-0.3771,0.3726,0.0040,2.4000,-29.2000,3.0000,Motorbike
None,0.0000,-3.0574,8.8556,-3.6476,-0.4226,0.3281,0.0000,2.4000,-29.2000,3.0000,Motorbike
None,0.0000,-3.3483,8.4701,-3.7882,-0.4322,0.2999,-0.0192,2.4000,-28.8000,2.6000,Motorbike
None,0.0000,-3.1933,8.4940,-3.8361,-0.4570,0.2154,-0.0780,2.4000,-28.8000,2.6000,Motorbike
None,0.0000,-3.1807,8.7412,-3.8367,-0.4967,0.2040,-0.0908,2.4000,-28.8000,2.6000,Motorbike
None,0.0000,-3.0347,8.7101,-3.9792,-0.4365,0.1563,-0.0935,2.8000,-28.8000,2.1000,Motorbike
None,0.0000,-2.9951,8.1977,-3.8373,-0.3918,0.1353,-0.0842,2.8000,-28.8000,2.1000,Motorbike
None,0.0000,-2.9544,8.0200,-3.4818,-0.4264,0.1486,-0.1060,2.8000,-28.8000,1.7000,Motorbike
None,0.0000,-2.4672,7.9607,-3.1358,-0.4543,0.2418,-0.1065,2.8000,-28.8000,1.2000,Motorbike
None,0.0000,-2.4146,7.7297,-3.2860,-0.4181,0.3172,-0.1438,3.2000,-28.8000,1.2000,Motorbike
None,0.0000,-2.8030,7.5052,-3.1909,-0.4250,0.3675,-0.2136,3.2000,-28.8000,0.8000,Motorbike
None,0.0000,-3.3064,7.7105,-3.3136,-0.4890,0.4349,-0.2740,3.2000,-28.8000,0.4000,Motorbike
None,0.0000,-3.6123,8.2283,-2.9012,-0.4522,0.5425,-0.3143,3.2000,-28.8000,-0.3000,Motorbike
None,0.0000,-4.0462,8.4922,-2.7934,-0.3997,0.4916,-0.3401,3.6000,-28.8000,-0.3000,Motorbike
None,0.0000,-3.9385,9.3326,-2.5612,-0.3169,0.4392,-0.3262,3.6000,-28.8000,-0.8000,Motorbike
None,0.0000,-4.1120,9.2099,-2.3182,-0.2325,0.3643,-0.2913,4.0000,-28.8000,-0.8000,Motorbike
None,0.0000,-4.1258,8.2594,-1.9836,-0.1401,0.3254,-0.2647,4.0000,-28.8000,-1.7000,Motorbike
None,0.0000,-4.0564,7.8638,-2.2972,-0.1417,0.2706,-0.2075,5.0000,-28.8000,-1.7000,Motorbike
None,0.0000,-3.6978,8.4234,-2.5091,-0.1901,0.1680,-0.0999,5.4000,-28.8000,-1.7000,Motorbike
None,0.0000,-3.9510,8.6712,-2.3296,-0.2256,-0.0535,-0.0208,5.9000,-28.8000,-2.4000,Motorbike
None,0.0000,-4.4622,8.5886,-2.0614,-0.2429,-0.1049,-0.0093,5.9000,-28.8000,-2.4000,Motorbike
None,0.0000,-4.8213,8.6323,-1.7855,-0.2956,-0.0815,0.0141,5.9000,-28.8000,-3.1000,Motorbike
None,0.0000,-4.9099,8.9417,-1.7400,-0.3579,-0.0442,0.0285,6.5000,-28.8000,-3.1000,Motorbike
None,0.0000,-5.1511,9.0291,-1.4706,-0.3217,-0.0618,0.0527,6.5000,-28.8000,-3.9000,Motorbike
None,0.0000,-5.2840,9.3452,-1.5317,-0.2570,-0.0567,0.0935,7.2000,-28.8000,-4.6000,Motorbike
None,0.0000,-5.4839,9.3571,-1.2258,-0.1928,-0.0314,0.1073,7.2000,-28.8000,-4.6000,Motorbike
None,0.0000,-5.1374,8.6269,-0.9750,-0.2578,0.0035,0.0834,7.2000,-28.4000,-4.6000,Motorbike
None,0.0000,-4.1911,9.0028,-1.0786,-0.4445,0.1782,0.0826,7.2000,-28.4000,-4.6000,Motorbike
None,0.0000,-4.1916,9.1919,-1.1624,-0.5531,0.2354,0.0573,7.6000,-28.4000,-4.6000,Motorbike
None,0.0000,-4.0276,9.0740,-1.2851,-0.5071,0.1928,0.0011,7.6000,-28.4000,-4.6000,Motorbike
None,0.0000,-4.2784,7.8997,-1.3761,-0.3241,0.1534,-0.0011,7.6000,-28.4000,-4.6000,Motorbike
None,0.0000,-4.2084,7.6495,-1.3060,-0.2400,0.1217,0.0405,7.6000,-28.4000,-5.1000,Motorbike
None,0.0000,-4.1019,8.2672,-1.0379,-0.3132,0.0804,0.0919,7.6000,-28.4000,-5.5000,Motorbike
None,0.0000,-4.2222,8.8550,-0.7781,-0.3390,0.0277,0.0889,8.0000,-28.4000,-5.5000,Motorbike
None,0.0000,-4.3634,9.6486,-1.1666,-0.3023,-0.0075,0.0727,8.0000,-28.0000,-5.5000,Motorbike
None,0.0000,-3.9672,10.1885,-1.1331,-0.1880,0.0019,0.0863,8.0000,-28.0000,-5.5000,Motorbike
None,0.0000,-3.6524,10.2011,-1.5868,-0.0921,0.0115,0.0897,8.4000,-28.0000,-5.5000,Motorbike
None,0.0000,-3.8936,9.7833,-1.9327,-0.0514,0.0447,0.0376,8.4000,-28.0000,-5.5000,Motorbike
None,0.0000,-4.3993,8.9100,-1.4874,-0.0945,0.1116,-0.0264,8.4000,-28.0000,-5.9000,Motorbike
None,0.0000,-4.2228,8.7281,-1.5694,-0.1358,0.1491,-0.0509,8.8000,-28.0000,-5.9000,Motorbike
None,0.0000,-3.9085,8.8562,-1.6682,-0.1137,0.1302,-0.0378,8.8000,-27.6000,-5.9000,Motorbike
None,2.2500,-3.6883,9.0184,-1.4503,-0.0903,0.0764,-0.0447,9.2000,-27.6000,-6.3000,Motorbike
None,2.2500,-3.6955,9.0650,-1.4706,-0.0391,0.0426,-0.0493,9.2000,-27.6000,-6.3000,Motorbike
None,2.2500,-3.9887,9.1034,-1.6753,0.0320,0.0306,-0.0599,9.2000,-27.6000,-6.3000,Motorbike
None,2.2500,-3.8176,9.3087,-2.0662,0.1081,0.0328,-0.0692,9.6000,-27.6000,-6.3000,Motorbike
None,2.2500,-3.6865,9.5726,-2.1632,0.1518,0.0413,-0.0565,9.6000,-27.6000,-6.3000,Motorbike
None,2.2500,-3.7116,9.4990,-2.3667,0.1923,0.0085,-0.0391,9.6000,-27.6000,-6.3000,Motorbike
None,2.2500,-3.4482,9.5391,-2.4744,0.2376,0.0013,-0.0184,10.1000,-27.6000,-6.3000,Motorbike
None,2.2500,-3.3531,9.2464,-2.8108,0.2788,-0.0138,0.0248,10.1000,-27.6000,-6.3000,Motorbike
None,2.2500,-3.1460,9.2644,-3.1879,0.2921,-0.0399,0.0474,10.1000,-27.6000,-6.3000,Motorbike
None,2.2500,-3.1346,9.0890,-3.3052,0.2613,-0.0226,0.0549,10.5000,-27.6000,-6.3000,Motorbike
None,2.2500,-3.2681,8.9663,-3.2340,0.1960,-0.0434,0.0362,10.5000,-27.6000,-6.3000,Motorbike
None,2.2500,-3.2004,8.7568,-3.0700,0.1470,-0.0573,0.0242,10.5000,-27.6000,-6.3000,Motorbike
None,2.2500,-2.8904,8.5509,-2.9365,0.1039,-0.0391,0.0144,10.9000,-27.6000,-6.3000,Motorbike
None,2.2500,-2.5690,8.7969,-2.9670,0.0296,-0.0216,0.0288,10.9000,-27.6000,-6.3000,Motorbike
None,2.2500,-2.2984,9.3003,-2.8150,-0.0583,-0.0285,0.0847,10.9000,-27.6000,-5.9000,Motorbike
None,2.2500,-2.6773,9.2033,-2.7928,-0.0660,-0.0674,0.1028,10.9000,-27.6000,-5.9000,Motorbike
None,2.2500,-2.9161,8.9998,-3.2298,0.0091,-0.0884,0.0972,11.3000,-27.6000,-5.9000,Motorbike
None,2.2500,-3.2968,8.5479,-3.6218,0.0716,-0.0690,0.0975,11.3000,-27.6000,-5.9000,Motorbike
None,2.2500,-2.8329,8.7352,-3.7020,0.0642,-0.0407,0.1028,11.3000,-28.0000,-5.5000,Motorbike
None,2.2500,-2.6121,8.9208,-3.7457,-0.0157,-0.0282,0.1217,11.3000,-28.0000,-5.5000,Motorbike
None,2.2500,-2.5738,8.9417,-3.6380,-0.1079,-0.0149,0.1244,11.3000,-28.0000,-5.5000,Motorbike
None,2.2500,-2.8102,9.0986,-3.6547,-0.2064,-0.0035,0.1358,11.3000,-28.0000,-5.1000,Motorbike
None,2.2500,-3.3794,9.0680,-3.7194,-0.2445,0.0136,0.1284,11.3000,-28.0000,-5.1000,Motorbike
None,2.2500,-3.6685,9.3745,-3.8912,-0.2762,0.0634,0.1028,11.3000,-28.4000,-5.1000,Motorbike
None,2.2500,-3.9109,9.4020,-3.6500,-0.3044,0.0708,0.1047,11.3000,-28.4000,-5.1000,Motorbike
None,2.2500,-3.7709,9.2620,-3.4919,-0.3625,0.0863,0.1374,11.3000,-28.4000,-4.7000,Motorbike
None,2.2500,-3.2022,9.1255,-3.3357,-0.4229,0.1092,0.2453,11.3000,-28.4000,-4.7000,Motorbike
None,2.2500,-2.4379,9.0363,-2.8677,-0.5089,0.1395,0.3310,11.3000,-28.4000,-4.7000,Motorbike
None,2.2500,-2.8114,9.0459,-2.7138,-0.5784,0.1886,0.4037,11.3000,-28.4000,-4.7000,Motorbike
None,2.2500,-2.1889,9.1883,-1.2246,-0.6306,0.1390,0.3473,11.3000,-28.4000,-4.7000,Motorbike
None,2.2500,-0.9852,10.0042,-1.4970,-0.5278,0.5121,0.4589,11.3000,-28.4000,-4.7000,Motorbike
None,2.2500,-1.6801,9.8240,-2.1626,-0.2796,0.3015,0.2791,10.9000,-28.4000,-4.7000,Motorbike
None,2.2500,-1.7609,9.7115,-2.4140,-0.0668,0.3489,0.1433,10.9000,-28.4000,-4.7000,Motorbike
None,2.2500,-1.9770,9.3488,-3.1867,0.0349,0.2887,0.1222,10.9000,-28.4000,-4.7000,Motorbike
None,2.2500,-2.1590,9.2207,-3.2627,0.0344,0.2919,0.0969,10.9000,-28.4000,-5.1000,Motorbike
None,2.2500,-2.7785,9.1315,-3.1149,-0.0386,0.2176,0.0301,10.9000,-28.4000,-5.1000,Motorbike
None,2.2500,-2.4756,9.3362,-3.0364,-0.1372,0.2035,-0.0168,10.5000,-28.4000,-5.1000,Motorbike
None,2.2500,-2.2895,9.3230,-3.1753,-0.1433,0.2184,0.0165,10.5000,-28.4000,-5.1000,Motorbike
None,2.2500,-1.8986,9.4409,-3.2304,-0.1518,0.2421,0.0687,10.5000,-28.4000,-5.5000,Motorbike
None,2.2500,-2.2069,9.4535,-3.0335,-0.1702,0.2333,0.0977,10.5000,-28.4000,-5.5000,Motorbike
None,2.2500,-2.0393,9.2171,-3.0227,-0.1878,0.2501,0.0642,10.5000,-28.4000,-5.5000,Motorbike
None,2.2500,-2.2697,9.3128,-3.1597,-0.2080,0.2775,0.0005,10.5000,-28.4000,-5.5000,Motorbike
None,2.2500,-1.9058,10.0898,-2.8754,-0.2575,0.3095,-0.1119,10.5000,-28.4000,-5.5000,Motorbike
None,2.2500,-1.9303,10.5243,-2.6701,-0.2325,0.2988,-0.1353,10.5000,-28.0000,-5.9000,Motorbike
None,2.2500,-2.0794,10.7955,-2.6869,-0.1627,0.3039,-0.1377,10.5000,-28.0000,-5.9000,Motorbike
None,2.2500,-2.7479,10.0562,-3.0406,-0.0921,0.3105,-0.1547,10.5000,-28.0000,-5.9000,Motorbike
None,2.2500,-1.9932,9.9000,-3.2962,-0.0961,0.2906,-0.1973,10.5000,-28.0000,-5.9000,Motorbike
None,2.2500,-2.0333,9.9222,-3.1083,-0.1041,0.4160,-0.1510,10.5000,-28.0000,-5.9000,Motorbike
None,2.2500,-1.7957,8.5443,-1.9770,-0.1198,0.3630,-0.1228,10.5000,-28.0000,-5.9000,Motorbike
None,2.2500,-1.7957,8.5443,-1.9770,-0.1217,0.3635,-0.0889,10.9000,-28.0000,-5.9000,Motorbike
None,3.5000,-1.1570,9.0142,-3.2549,-0.0338,0.2509,-0.1321,10.9000,-28.0000,-5.9000,Motorbike
None,3.5000,-1.1762,9.5870,-2.8282,-0.0554,0.2549,-0.0996,11.7000,-28.0000,-5.9000,Motorbike
None,3.5000,-1.7017,10.3094,-3.3267,-0.0764,0.3100,-0.0943,12.3000,-28.0000,-5.9000,Motorbike
None,3.5000,-2.2482,9.2997,-3.3944,-0.0477,0.2637,-0.1135,12.3000,-28.0000,-5.9000,Motorbike
None,3.5000,-2.5893,8.8633,-2.8006,-0.0149,0.0708,-0.1108,12.7000,-28.0000,-5.9000,Motorbike
None,3.5000,-2.0734,9.0202,-2.6498,-0.0900,0.1880,-0.1286,12.7000,-27.6000,-5.9000,Motorbike
None,3.5000,-1.9525,9.2811,-2.4301,-0.1132,0.2642,-0.1313,12.7000,-27.6000,-5.9000,Motorbike
None,3.5000,-2.0141,9.8593,-2.8617,-0.0471,0.2067,-0.1702,13.4000,-27.6000,-5.9000,Motorbike
None,3.5000,-2.0004,9.8563,-2.9532,0.0842,0.1667,-0.2080,13.4000,-27.6000,-5.9000,Motorbike
None,3.5000,-1.8585,10.4016,-3.6853,0.1939,0.1300,-0.1678,13.9000,-27.6000,-5.9000,Motorbike
None,3.5000,-2.1757,10.5022,-3.9630,0.2666,0.1883,-0.1289,13.9000,-27.6000,-5.9000,Motorbike
None,3.5000,-2.7060,9.0034,-3.5386,0.1736,0.2554,-0.1081,13.9000,-27.6000,-5.9000,Motorbike
None,3.5000,-2.8204,8.3312,-2.8742,-0.0208,0.1795,-0.0844,14.4000,-27.6000,-5.9000,Motorbike
None,3.5000,-3.0388,8.2229,-2.0728,-0.2128,0.1579,-0.1217,14.4000,-27.6000,-5.9000,Motorbike
None,3.5000,-1.4982,9.8515,-2.1099,-0.1992,0.0589,-0.1617,14.8000,-27.6000,-5.9000,Motorbike
None,3.5000,-1.6454,10.7218,-3.1424,0.0996,-0.0892,-0.1390,14.8000,-27.6000,-5.9000,Motorbike
None,3.5000,-2.0889,10.5836,-3.6931,0.4237,-0.1385,-0.0724,14.8000,-27.6000,-5.5000,Motorbike
None,3.5000,-2.4846,10.0461,-4.2072,0.5779,-0.0839,-0.0115,14.8000,-27.6000,-5.5000,Motorbike
None,3.5000,-2.7378,9.1614,-4.6980,0.5795,0.1172,0.0202,14.8000,-27.6000,-5.5000,Motorbike
None,3.5000,-2.6043,8.6365,-4.5448,0.3092,0.2091,0.0000,15.3000,-27.6000,-5.5000,Motorbike
None,3.5000,-2.0333,9.8797,-4.7633,0.0277,0.1073,-0.0349,15.3000,-27.6000,-5.0000,Motorbike
None,3.5000,-2.2081,10.5297,-4.4544,-0.0644,-0.0573,-0.0447,15.3000,-27.6000,-5.0000,Motorbike
None,3.5000,-0.4675,10.9379,-2.3505,-0.1316,-0.2551,-0.0615,15.3000,-27.6000,-5.0000,Motorbike
None,3.5000,-1.1582,9.3847,-2.1386,-0.0897,-0.0855,-0.0778,15.7000,-27.6000,-4.6000,Motorbike
None,3.5000,-3.8445,8.2648,-3.4668,0.0344,0.2365,-0.2210,15.7000,-28.0000,-4.6000,Motorbike
None,3.5000,-4.1013,8.7957,-4.2910,0.1563,0.2061,-0.1364,15.7000,-28.0000,-4.6000,Motorbike
None,3.5000,-3.8978,9.8503,-4.1144,0.1515,-0.0655,0.1656,16.1000,-28.0000,-4.2000,Motorbike
None,3.5000,-1.7478,10.8793,-3.1903,0.0123,-0.1664,0.4562,16.1000,-28.0000,-4.2000,Motorbike
None,3.5000,-2.1159,9.0507,-2.9042,-0.0485,-0.2469,0.5036,16.1000,-28.4000,-4.2000,Motorbike
None,3.5000,-2.9993,8.2079,-3.0550,-0.1587,-0.0780,0.3923,16.1000,-28.4000,-3.8000,Motorbike
None,3.5000,-2.5367,8.7526,-3.2280,-0.2474,-0.0093,0.4181,16.1000,-28.4000,-3.8000,Motorbike
None,3.5000,-0.8242,9.9814,-2.9497,-0.3103,-0.0298,0.6354,16.1000,-28.4000,-3.8000,Motorbike
None,3.5000,-0.5034,9.5571,-2.9407,-0.0863,-0.4850,0.7222,16.1000,-28.8000,-3.8000,Motorbike
None,3.5000,-0.0078,9.9635,-3.3746,0.1140,-0.5955,0.7081,16.1000,-28.8000,-3.8000,Motorbike
None,3.5000,0.6943,10.5483,-2.6779,0.1854,-0.3949,0.7555,16.1000,-28.8000,-3.8000,Motorbike
None,3.5000,-0.3376,9.2290,-2.2051,0.2423,-0.3047,0.7230,15.7000,-29.3000,-3.8000,Motorbike
None,3.5000,-1.3467,7.0527,-2.5480,0.1846,0.4075,0.4232,15.7000,-29.3000,-3.4000,Motorbike
None,3.5000,-0.7961,7.2461,-1.8262,0.1004,0.7875,0.2368,14.9000,-29.3000,-3.4000,Motorbike
None,3.5000,-1.0995,8.6221,-0.4848,0.2027,0.3742,0.1337,14.4000,-29.8000,-3.4000,Motorbike
None,3.5000,-0.8350,10.4070,-2.7707,0.5345,-0.0176,0.1036,14.4000,-29.8000,-3.4000,Motorbike
None,3.5000,0.2921,10.7266,-3.9786,0.7952,-0.1446,0.1558,14.4000,-30.3000,-3.4000,Motorbike
None,3.5000,-0.0305,10.1718,-2.7970,0.7659,-0.3108,0.0575,13.8000,-30.8000,-3.0000,Motorbike
None,3.5000,-0.8344,9.6570,-4.5993,0.7856,-0.1720,-0.0719,13.8000,-31.4000,-3.0000,Motorbike
None,3.5000,-1.9052,8.9777,-5.6551,0.8519,0.2200,-0.2562,13.8000,-31.4000,-2.2000,Motorbike
None,3.5000,-2.2895,8.7113,-5.6018,0.6136,0.2969,-0.3649,13.8000,-31.4000,-1.4000,Motorbike
None,3.5000,-1.8262,8.9322,-4.3443,0.2996,0.2117,-0.3342,13.8000,-31.8000,-1.4000,Motorbike
None,3.5000,-2.8270,8.8813,0.1688,0.0913,-0.0306,-0.3095,13.8000,-31.8000,-0.4000,Motorbike
None,3.5000,-1.3114,8.6407,-2.9054,0.2293,0.2136,-0.2280,13.8000,-31.8000,-0.4000,Motorbike
None,3.5000,-2.3774,7.5232,-6.1537,0.5734,0.4421,-0.0676,13.8000,-32.2000,1.7000,Motorbike
None,3.5000,-2.6127,8.8735,-6.6194,0.6839,-0.2197,-0.0341,13.4000,-32.2000,1.7000,Motorbike
None,3.5000,-2.2853,9.9329,-4.7782,0.4163,-0.7265,0.1366,13.4000,-32.2000,1.7000,Motorbike
None,3.5000,-1.8298,9.7929,-3.4560,0.1089,-0.8195,0.1973,13.4000,-32.2000,1.7000,Motorbike
None,4.7500,-1.5311,8.9411,-3.9558,0.0871,-0.3028,0.3270,12.9000,-32.7000,1.7000,Motorbike
None,4.7500,-1.5167,8.4048,-4.2868,0.1832,-0.2192,0.3332,12.9000,-32.7000,2.2000,Motorbike
None,4.7500,-1.3707,8.9795,-5.1595,0.1755,-0.1755,0.2916,12.9000,-33.1000,2.2000,Motorbike
None,4.7500,-1.6275,10.1772,-3.3411,-0.0149,-0.2999,0.1510,12.9000,-33.1000,1.8000,Motorbike
None,4.7500,-1.2294,9.8246,-3.1304,-0.1326,-0.3119,0.0538,12.5000,-33.5000,1.8000,Motorbike
None,4.7500,-1.6915,9.7743,-2.8413,0.0549,0.0013,0.0402,12.5000,-33.5000,2.6000,Motorbike
None,4.7500,-2.4936,9.7540,-3.3662,0.2722,0.1443,0.0905,12.5000,-33.5000,2.6000,Motorbike
None,4.7500,-2.4361,9.2063,-4.8177,0.4522,0.1382,0.1886,12.5000,-33.5000,2.6000,Motorbike
None,4.7500,-1.0720,8.7819,-5.4773,0.4408,0.1113,0.2706,12.1000,-34.0000,2.6000,Motorbike
None,4.7500,1.3689,8.2947,-4.6346,0.2927,-0.0176,0.2378,12.1000,-34.0000,2.6000,Motorbike
None,4.7500,-1.2929,6.9354,-5.4426,0.2005,-0.0674,-0.1300,12.1000,-34.0000,2.6000,Motorbike
None,4.7500,-2.0548,7.8596,-4.8285,0.1001,-0.0945,-0.3467,12.1000,-34.0000,2.6000,Motorbike
None,4.7500,-1.4431,8.4916,-4.3922,-0.1313,-0.0226,-0.2719,11.7000,-34.4000,2.6000,Motorbike
None,4.7500,-1.2204,8.7634,-4.5113,-0.1867,-0.0538,-0.2032,11.7000,-34.4000,3.0000,Motorbike
None,4.7500,-0.8170,9.3470,-4.4676,-0.1209,-0.0149,-0.2019,11.7000,-34.4000,3.0000,Motorbike
None,4.7500,-1.1995,9.2889,-4.1318,-0.0722,-0.0008,-0.2320,11.3000,-34.4000,3.0000,Motorbike
None,4.7500,-1.7011,8.6712,-2.8772,0.0325,0.0511,-0.3398,11.3000,-34.4000,3.0000,Motorbike
None,4.7500,-2.9556,8.7819,-3.9121,0.1063,0.2397,-0.4293,11.3000,-34.4000,3.4000,Motorbike
None,4.7500,-3.1831,8.7418,-4.2515,0.1393,0.1593,-0.4762,11.3000,-34.4000,3.4000,Motorbike
None,4.7500,-2.8623,8.5449,-4.5939,0.1334,0.0919,-0.4301,11.3000,-34.4000,3.4000,Motorbike
None,4.7500,-2.3110,8.6155,-4.9392,0.1643,0.0274,-0.3127,11.3000,-34.4000,3.4000,Motorbike
None,4.7500,-2.1404,8.3552,-6.2010,0.1222,-0.0128,-0.1771,11.3000,-34.4000,3.4000,Motorbike
None,4.7500,-2.8629,8.6125,-4.3215,-0.0570,-0.0261,-0.1603,11.3000,-34.4000,3.4000,Motorbike
None,4.7500,-2.7031,8.7179,-3.5135,-0.3393,-0.0234,-0.1531,11.3000,-34.4000,3.8000,Motorbike
None,4.7500,-2.7438,8.9651,-3.9379,-0.3558,0.1499,-0.1523,11.3000,-34.4000,3.8000,Motorbike
None,4.7500,-2.8892,9.3470,-4.7681,-0.1907,0.1638,-0.1451,11.3000,-34.4000,3.8000,Motorbike
None,4.7500,-2.5594,9.1812,-5.2732,-0.0354,0.1153,-0.0943,11.8000,-34.4000,3.8000,Motorbike
None,4.7500,-2.7198,8.4563,-5.0979,0.0003,0.1585,-0.0554,11.8000,-34.4000,3.8000,Motorbike
None,4.7500,-2.1763,8.3821,-4.5771,-0.0985,0.1875,-0.0591,11.8000,-34.4000,3.8000,Motorbike
None,4.7500,-2.1266,8.2893,-4.8100,-0.1656,0.1388,-0.0088,11.8000,-34.4000,3.8000,Motorbike
None,4.7500,-1.8830,9.0483,-5.2140,-0.0969,0.0900,0.0138,12.2000,-34.4000,3.8000,Motorbike
None,4.7500,-2.1883,9.0782,-4.3993,-0.0826,0.0847,0.0181,12.2000,-34.0000,3.8000,Motorbike
None,4.7500,-2.6396,8.8214,-3.8146,-0.1555,0.0796,-0.0194,12.2000,-34.0000,3.8000,Motorbike
None,4.7500,-2.3499,9.1824,-4.4574,-0.1643,0.0847,-0.0573,12.2000,-34.0000,3.8000,Motorbike
None,4.7500,-2.6085,9.4248,-4.9225,-0.1784,0.0631,-0.0317,12.7000,-34.0000,3.8000,Motorbike
None,4.7500,-2.6671,8.9884,-4.4963,-0.2370,0.0810,-0.0354,12.7000,-33.6000,3.8000,Motorbike
None,4.7500,-2.4517,8.7203,-3.2262,-0.3260,0.0884,-0.0565,12.7000,-33.6000,3.8000,Motorbike
None,4.7500,-2.4481,8.5138,-2.8299,-0.3467,0.0706,-0.0802,12.7000,-33.6000,3.8000,Motorbike
None,4.7500,-2.8467,8.0044,-3.0245,-0.2684,0.1009,-0.1390,12.7000,-33.6000,3.8000,Motorbike
None,4.7500,-3.1927,8.1678,-3.0203,-0.2000,0.0866,-0.1856,13.1000,-33.6000,3.8000,Motorbike
None,4.7500,-3.0963,8.9956,-3.0436,-0.1894,0.0722,-0.1747,13.1000,-33.2000,3.8000,Motorbike
None,4.7500,-2.5510,9.9940,-4.4359,0.0317,0.0463,-0.1172,13.1000,-33.2000,3.8000,Motorbike
None,4.7500,-2.5804,9.6977,-5.7658,0.2996,-0.0024,-0.0130,13.5000,-33.2000,3.8000,Motorbike
None,4.7500,-2.3858,9.1291,-5.7006,0.3521,-0.0027,0.0011,13.5000,-33.2000,3.8000,Motorbike
None,4.7500,-2.5373,9.4631,-4.7884,0.0948,0.0514,-0.0631,13.5000,-33.2000,3.8000,Motorbike
None,4.7500,-2.4553,9.4691,-4.8339,-0.0631,0.0581,-0.0903,13.5000,-33.2000,3.8000,Motorbike
None,4.7500,-2.5253,9.2195,-4.5795,-0.0565,0.0282,-0.0511,13.9000,-33.2000,3.8000,Motorbike
None,4.7500,-2.6839,8.6383,-3.8020,-0.1750,0.0479,-0.1334,13.9000,-32.8000,3.8000,Motorbike
None,4.7500,-2.5881,8.2726,-3.7523,-0.2850,0.0365,-0.1659,13.9000,-32.8000,3.8000,Motorbike
None,5.7500,-2.0111,9.7683,-4.8231,-0.2120,-0.0360,-0.1055,13.9000,-32.8000,3.8000,Motorbike
None,5.7500,-2.0189,9.9677,-5.5085,-0.0533,-0.0463,-0.0213,14.4000,-32.8000,3.8000,Motorbike
None,5.7500,-2.1033,9.2285,-5.4821,0.0652,-0.0053,0.0136,14.4000,-32.8000,3.8000,Motorbike
None,5.7500,-1.5484,9.1429,-5.7329,0.0889,0.0085,0.0253,14.4000,-32.8000,3.4000,Motorbike
None,5.7500,-1.1660,8.9830,-5.9580,0.0889,0.0011,0.0716,14.4000,-32.8000,3.4000,Motorbike
None,5.7500,-1.3150,8.3665,-4.9656,0.0253,0.0458,0.0900,14.4000,-32.8000,3.4000,Motorbike
None,5.7500,-1.1295,8.3240,-4.6280,-0.1222,0.1119,0.0413,14.8000,-32.8000,3.4000,Motorbike
None,5.7500,-0.9900,7.8703,-4.6783,-0.1513,0.1020,0.0296,14.8000,-32.4000,3.4000,Motorbike
None,5.7500,-0.8996,7.6543,-4.7621,-0.0831,0.0700,-0.0176,14.8000,-32.4000,3.4000,Motorbike
None,5.7500,-0.7009,8.6862,-5.5635,-0.0109,0.0650,-0.0240,14.8000,-32.4000,3.4000,Motorbike
None,5.7500,-0.5776,9.3081,-6.2758,0.0290,0.0679,-0.0165,14.8000,-32.4000,3.4000,Motorbike
None,5.7500,-0.2574,9.0291,-6.2339,0.1145,0.0200,0.0045,14.8000,-32.4000,3.4000,Motorbike
None,5.7500,-0.9978,8.3318,-5.5719,0.1755,0.0413,0.0144,14.8000,-32.4000,3.4000,Motorbike
None,5.7500,-1.2300,7.9045,-5.4851,0.0756,0.0498,-0.0522,14.8000,-32.4000,3.4000,Motorbike
None,5.7500,-0.9050,8.6024,-5.9083,0.0261,-0.0186,-0.0554,14.8000,-32.4000,3.4000,Motorbike
None,5.7500,-0.9050,8.6024,-5.9083,-0.0325,-0.0301,-0.0535,14.8000,-32.4000,3.4000,Motorbike
None,5.7500,-1.0133,8.1325,-5.4402,-0.0141,0.0027,-0.1031,14.8000,-32.4000,3.4000,Motorbike
None,5.7500,-0.7572,7.7225,-5.0787,0.0120,0.0101,-0.0706,14.8000,-32.4000,3.4000,Motorbike
None,5.7500,-1.2899,8.5497,-5.4109,-0.0048,0.0138,-0.0621,14.8000,-32.4000,3.8000,Motorbike
None,5.7500,-1.3647,9.1075,-5.9239,0.0157,-0.0237,-0.0975,14.8000,-32.4000,3.8000,Motorbike
None,5.7500,-1.5688,9.0465,-5.8083,0.0874,-0.0360,-0.0836,14.8000,-32.4000,3.8000,Motorbike
None,5.7500,-1.6723,8.9250,-4.9434,0.0205,0.0442,-0.1092,14.8000,-32.4000,3.8000,Motorbike
None,5.7500,-1.2701,8.7490,-5.3810,-0.0115,0.0285,-0.1031,14.8000,-32.4000,3.8000,Motorbike
None,5.7500,-1.4287,8.9603,-5.7401,0.0506,-0.0306,-0.0397,15.2000,-32.4000,3.8000,Motorbike
None,5.7500,-1.8280,7.8739,-4.4604,-0.0016,0.0506,-0.0586,15.2000,-32.4000,3.8000,Motorbike
None,5.7500,-1.3054,7.7189,-4.5945,-0.1337,0.0583,-0.0996,15.2000,-32.4000,3.8000,Motorbike
None,5.7500,-1.5335,8.8699,-4.9177,-0.1465,-0.0162,-0.0727,15.2000,-32.4000,3.8000,Motorbike
None,5.7500,-1.9172,9.5589,-4.8165,-0.0442,-0.0317,-0.0770,15.2000,-32.4000,3.8000,Motorbike
None,5.7500,-1.9914,9.6085,-6.1956,0.1308,-0.0336,-0.0040,15.2000,-32.4000,3.8000,Motorbike
None,5.7500,-1.3270,9.0333,-6.3614,0.3646,0.0186,0.0245,15.2000,-32.4000,3.8000,Motorbike
None,5.7500,-1.7514,7.8656,-5.5929,0.2586,0.0834,0.0621,15.2000,-32.4000,3.8000,Motorbike
None,5.7500,-1.7621,8.1193,-4.2108,-0.1015,0.1292,0.0218,15.7000,-32.4000,3.8000,Motorbike
None,5.7500,-2.0830,8.2325,-3.7368,-0.3417,0.1113,-0.0330,15.7000,-32.4000,3.8000,Motorbike
None,5.7500,-2.3188,7.9775,-2.9628,-0.3369,0.0719,-0.0671,15.7000,-32.4000,3.8000,Motorbike
None,5.7500,-2.8497,8.1690,-3.0963,-0.3955,0.1068,-0.1726,15.7000,-32.4000,3.8000,Motorbike
None,5.7500,-3.6176,7.7710,-3.0023,-0.4487,0.1403,-0.2527,15.7000,-32.4000,3.8000,Motorbike
None,5.7500,-3.6284,8.3695,-2.6677,-0.4490,0.0226,-0.2274,16.1000,-32.0000,3.8000,Motorbike
None,5.7500,-4.1234,8.6203,-2.2643,-0.4155,-0.0426,-0.1723,16.1000,-32.0000,3.8000,Motorbike
None,5.7500,-4.9949,8.3204,-2.0069,-0.4152,0.0064,-0.2104,16.1000,-32.0000,3.8000,Motorbike
None,5.7500,-4.7938,9.1680,-1.0696,-0.4820,0.0341,-0.2226,16.1000,-32.0000,3.8000,Motorbike
None,5.7500,-5.2086,9.3919,-1.2049,-0.5191,-0.0093,-0.1915,16.5000,-32.0000,3.8000,Motorbike
None,5.7500,-4.8147,9.4816,-0.7075,-0.4831,0.0117,-0.2224,16.5000,-31.6000,3.4000,Motorbike
None,5.7500,-5.3433,8.9154,-0.8362,-0.5228,0.0439,-0.2184,16.5000,-31.6000,3.4000,Motorbike
None,5.7500,-5.4917,8.1594,-0.7530,-0.6171,0.0727,-0.3531,16.5000,-31.6000,2.4000,Motorbike
None,5.7500,-5.9957,7.9727,-0.4214,-0.7140,0.0080,-0.3790,16.9000,-31.2000,1.6000,Motorbike
None,5.7500,-6.5559,8.4611,-0.4788,-0.7654,0.0077,-0.3758,16.9000,-31.2000,1.1000,Motorbike
