-102,6.5600,-0.0120,0.6467,9.9561,0.0081,-0.0080,-0.0061,-31.6626,-22.3726,-84.5948,Bus
-102,6.5600,0.3808,0.6395,10.4351,0.0102,-0.0032,-0.0077,-31.6626,-22.3726,-84.5323,Bus
-102,6.5600,0.5077,0.4982,9.2807,0.0070,-0.0016,-0.0093,-31.2876,-21.9976,-82.9073,Bus
-102,6.5600,0.3497,0.7185,9.3214,0.0091,-0.0101,-0.0045,-30.9126,-21.2476,-83.7198,Bus
-102,6.5600,-0.4072,0.7233,10.2148,0.0102,-0.0043,-0.0018,-30.9126,-20.8726,-83.3448,Bus
-102,6.5600,-0.4527,0.7904,10.4399,0.0097,0.0043,-0.0093,-30.9126,-21.6226,-83.3448,Bus
-102,6.5600,1.0586,0.4718,9.4986,0.0091,0.0011,-0.0029,-31.2876,-21.9976,-82.5323,Bus
-102,6.5600,0.7185,0.6443,9.4220,0.0086,-0.0096,-0.0013,-30.9126,-21.9976,-82.9698,Bus
-102,6.5600,-0.0431,0.9365,9.7884,0.0086,-0.0080,0.0003,-31.2876,-21.2476,-82.0948,Bus
-102,6.5600,-0.6299,0.9556,9.9705,0.0081,0.0011,-0.0002,-30.5376,-21.9976,-81.7198,Bus
-102,6.5600,0.3569,0.8047,9.9537,0.0076,0.0069,0.0009,-30.9126,-21.2476,-81.2823,Bus
-102,6.5600,0.5772,0.6586,10.0447,0.0070,0.0048,-0.0007,-30.5376,-21.9976,-82.0948,Bus
-102,6.5600,0.4263,0.6826,9.7501,0.0054,0.0021,0.0019,-30.5376,-20.4976,-81.2823,Bus
-102,6.5600,-0.1820,0.7233,9.5729,0.0038,0.0021,0.0041,-30.5376,-21.2476,-82.0948,Bus
-102,6.6905,-0.1078,0.7089,9.9082,0.0044,0.0043,0.0062,-30.5376,-21.2476,-80.4698,Bus
-102,6.6905,0.2778,0.7472,9.9729,0.0038,0.0064,0.0025,-31.2876,-22.7476,-81.6573,Bus
-102,6.6905,0.5149,0.4574,9.8890,0.0017,0.0053,0.0046,-30.1626,-21.6226,-81.6573,Bus
-102,6.6905,0.1269,0.6251,9.6543,0.0017,0.0075,0.0067,-30.1626,-20.8726,-82.0948,Bus
-102,6.6905,-0.1150,0.6682,9.5968,0.0028,0.0085,0.0078,-30.9126,-20.1226,-82.1573,Bus
-102,6.6905,0.2898,0.7496,10.2172,-0.0015,0.0053,0.0083,-30.9126,-20.4976,-81.2823,Bus
-102,6.6905,-0.0407,0.7688,9.9058,-0.0036,0.0075,0.0035,-30.1626,-20.4976,-81.6573,Bus
-102,6.6905,0.2371,0.6993,9.6423,-0.0015,0.0128,0.0072,-30.1626,-20.8726,-84.2198,Bus
-102,6.6905,0.4119,0.6634,9.8028,-0.0026,0.0091,0.0099,-30.5376,-20.4976,-83.3448,Bus
-102,6.6905,-0.0048,0.6347,9.7621,-0.0047,0.0053,0.0067,-30.9126,-20.8726,-84.2198,Bus
-102,6.6905,-0.1820,0.5820,9.7094,-0.0058,0.0075,0.0083,-30.1626,-21.6226,-82.9073,Bus
-102,6.6905,-0.0287,0.6371,9.8866,-0.0063,0.0096,0.0078,-30.9126,-19.3726,-82.5323,Bus
-102,6.6905,0.1150,0.6682,10.0351,-0.0079,0.0138,0.0078,-30.9126,-19.7476,-83.3448,Bus
-102,6.6905,0.2347,0.5820,9.8268,-0.0068,0.0101,0.0088,-30.9126,-18.9976,-84.1573,Bus
-102,6.6905,0.0862,0.6610,9.7358,-0.0074,0.0064,0.0088,-30.9126,-19.7476,-84.2198,Bus
-102,6.6905,-0.1653,0.5820,10.1214,-0.0074,0.0112,0.0099,-30.9126,-19.7476,-83.3448,Bus
-102,6.6905,-0.1461,0.7113,10.1621,-0.0090,0.0117,0.0057,-30.9126,-20.1226,-84.5948,Bus
-102,6.6905,0.2036,0.6634,9.4340,-0.0074,0.0075,0.0078,-30.5376,-19.3726,-84.9698,Bus
-102,6.6905,0.2946,0.6802,9.8890,-0.0058,0.0043,0.0104,-31.2876,-20.4976,-85.4073,Bus
-102,6.6905,-0.1653,0.7305,10.2770,-0.0052,0.0005,0.0094,-31.6626,-20.4976,-85.4698,Bus
-102,6.6905,-0.4862,0.6898,10.2004,-0.0058,0.0075,0.0067,-30.9126,-21.2476,-84.5948,Bus
-102,6.6905,0.3736,0.5485,9.4819,-0.0052,0.0048,0.0051,-31.2876,-20.1226,-85.4073,Bus
-102,6.6905,0.3281,0.4551,9.6352,-0.0042,-0.0021,0.0078,-30.9126,-20.4976,-84.5948,Bus
-102,6.6905,-0.0886,0.6562,9.9609,-0.0042,-0.0048,0.0078,-31.6626,-20.4976,-87.0948,Bus
-102,6.6905,-0.5077,0.5485,9.9729,-0.0020,0.0011,0.0072,-31.2876,-21.6226,-85.7823,Bus
-102,6.6905,0.2611,0.6419,9.8387,-0.0047,-0.0016,0.0057,-32.4126,-21.2476,-85.8448,Bus
-102,6.6905,0.2706,0.6826,9.5753,-0.0031,-0.0085,0.0062,-31.2876,-20.8726,-85.3448,Bus
-102,6.6905,0.1269,0.5341,9.4555,-0.0042,-0.0069,0.0067,-31.6626,-21.2476,-85.8448,Bus
-102,6.6905,-0.2275,0.7568,9.6783,0.0012,-0.0048,0.0083,-32.0376,-20.4976,-87.0323,Bus
-102,6.6905,-0.1557,0.4311,10.0639,0.0001,-0.0043,0.0078,-31.2876,-20.4976,-86.2198,Bus
-102,6.6905,0.1054,0.6874,10.1956,-0.0015,-0.0000,0.0046,-31.2876,-20.4976,-87.0323,Bus
-102,6.6905,0.2658,0.4862,9.5274,-0.0004,-0.0069,0.0051,-31.2876,-21.2476,-84.9698,Bus
-102,6.6905,0.3137,0.6371,9.2065,0.0012,-0.0085,0.0057,-31.6626,-22.3726,-85.8448,Bus
-102,6.6905,-0.0790,0.6491,9.6591,0.0038,-0.0075,0.0078,-31.2876,-21.6226,-85.3448,Bus
-102,6.6905,-0.3353,0.6371,10.2124,0.0033,-0.0027,0.0067,-32.0376,-21.9976,-87.0323,Bus
-102,6.6905,0.1245,0.4958,10.1118,0.0022,-0.0016,0.0057,-31.6626,-21.9976,-85.4073,Bus
-102,6.6905,0.2563,0.6419,9.6232,0.0065,-0.0032,0.0057,-31.6626,-21.6226,-85.0323,Bus
-102,6.6905,0.5245,0.5125,9.3909,0.0054,-0.0043,0.0072,-31.2876,-21.6226,-84.9698,Bus
-102,6.6905,-0.2682,0.7329,9.7262,0.0070,-0.0005,0.0030,-31.2876,-21.6226,-84.9698,Bus
-102,6.6905,-0.0144,0.7305,10.0591,0.0091,0.0016,0.0046,-31.2876,-21.6226,-85.4073,Bus
-102,6.6905,0.5101,0.7401,9.6663,0.0065,-0.0011,0.0051,-30.1626,-23.4976,-85.4698,Bus
-102,6.6905,0.2227,0.5030,9.6567,0.0091,-0.0037,0.0072,-31.2876,-21.9976,-85.4073,Bus
-102,6.6905,-0.2970,0.7257,9.7405,0.0070,0.0048,0.0057,-31.2876,-22.3726,-85.4073,Bus
-102,6.6905,0.0192,0.6826,9.6088,0.0091,0.0069,0.0041,-30.5376,-21.9976,-84.5948,Bus
-102,6.6905,0.4742,0.4622,9.7094,0.0076,-0.0000,0.0078,-31.2876,-22.7476,-84.1573,Bus
-102,6.6905,0.2898,0.6467,10.0256,0.0102,-0.0005,0.0057,-30.5376,-22.7476,-84.5948,Bus
-102,6.6905,-0.0192,0.7161,10.0016,0.0113,0.0037,0.0062,-30.1626,-22.3726,-83.7823,Bus
-102,6.6905,0.0168,0.6754,9.5968,0.0107,0.0091,0.0062,-30.1626,-23.1226,-83.3448,Bus
-102,7.4503,0.0216,0.6610,9.6423,0.0065,0.0037,0.0041,-30.1626,-23.1226,-84.1573,Bus
-102,7.4503,0.2467,0.6107,9.7645,0.0070,0.0032,0.0051,-30.5376,-23.1226,-84.2198,Bus
-102,7.4503,0.2706,0.6059,9.8004,0.0091,0.0032,0.0072,-29.7876,-22.7476,-83.3448,Bus
-102,7.4503,-0.0335,0.6155,9.8363,0.0086,0.0080,0.0046,-30.1626,-22.3726,-83.3448,Bus
-102,7.4503,0.0024,0.6754,9.7286,0.0086,0.0122,0.0062,-30.5376,-21.6226,-82.5323,Bus
-102,7.4503,0.1964,0.8311,9.7597,0.0065,0.0048,0.0051,-30.1626,-22.3726,-82.9698,Bus
-102,7.4503,0.2108,0.6227,9.6136,0.0022,0.0021,0.0051,-30.5376,-22.7476,-82.9698,Bus
-102,7.4503,0.1174,0.7353,9.9130,0.0044,0.0064,0.0062,-30.5376,-22.3726,-82.5323,Bus
-102,7.4503,-0.1341,0.7281,9.7525,0.0049,0.0069,0.0062,-29.0376,-23.4976,-82.9698,Bus
-102,7.4503,-0.1916,0.6203,9.6400,0.0022,0.0122,0.0030,-29.0376,-23.4976,-81.2823,Bus
-102,7.4503,0.3760,0.5053,9.4484,0.0006,0.0064,0.0062,-29.4126,-22.7476,-82.5323,Bus
-102,7.4503,0.4311,0.6730,9.9824,0.0017,0.0059,0.0062,-29.0376,-22.7476,-81.2823,Bus
-102,7.4503,0.2275,0.6107,9.8675,0.0006,0.0106,0.0067,-28.2876,-23.1226,-81.2823,Bus
-102,7.4503,-0.7401,0.7209,10.0136,0.0022,0.0154,0.0057,-29.0376,-22.7476,-81.7198,Bus
-102,7.4503,0.3593,0.7233,9.6423,-0.0015,0.0224,0.0057,-28.6626,-23.1226,-79.5948,Bus
-102,7.4503,0.5988,0.6491,9.7693,-0.0015,0.0101,0.0051,-28.6626,-22.7476,-79.6573,Bus
-102,7.4503,0.3185,0.5365,9.5082,-0.0010,0.0064,0.0072,-28.6626,-21.9976,-79.6573,Bus
-102,7.4503,-0.5149,0.7880,10.1333,-0.0020,0.0128,0.0088,-28.6626,-23.4976,-79.6573,Bus
-102,7.4503,-0.0934,0.6898,10.4830,-0.0020,0.0192,0.0062,-28.6626,-22.7476,-79.2198,Bus
-102,7.4503,0.1317,0.5652,10.1956,-0.0036,0.0208,0.0014,-28.2876,-21.9976,-79.2198,Bus
-102,7.4503,0.7137,0.4694,9.3693,-0.0052,0.0154,0.0019,-28.2876,-21.9976,-79.2198,Bus
-102,7.4503,0.1150,0.6419,9.7334,-0.0052,0.0133,0.0057,-28.2876,-21.6226,-78.0323,Bus
-102,7.4503,-0.5868,0.5916,10.3944,-0.0058,0.0149,0.0062,-27.5376,-21.2476,-78.8448,Bus
-102,7.4503,0.0240,0.8550,10.0974,-0.0058,0.0240,0.0025,-28.2876,-21.9976,-78.7823,Bus
-102,7.4503,0.7185,0.4742,9.9513,-0.0074,0.0059,0.0051,-27.5376,-21.6226,-78.8448,Bus
-102,7.4503,-0.4694,0.5748,9.8675,-0.0090,0.0144,0.0019,-27.9126,-21.6226,-76.7198,Bus
-102,7.4503,-0.1078,0.6754,9.5250,-0.0074,0.0106,0.0035,-27.1626,-21.2476,-77.9698,Bus
-102,7.4503,0.2515,0.6299,10.2627,-0.0058,0.0138,0.0088,-27.5376,-20.8726,-77.5948,Bus
-102,7.4503,-0.0886,0.6371,10.6818,-0.0074,0.0037,0.0019,-27.9126,-20.8726,-78.7823,Bus
-102,7.4503,-0.2778,0.6371,9.7334,-0.0090,0.0080,0.0019,-27.9126,-20.8726,-78.7823,Bus
-102,7.4503,0.1892,0.6946,9.4148,-0.0058,0.0075,0.0025,-27.5376,-21.6226,-78.7823,Bus
-102,7.4503,0.1772,0.4862,9.7789,-0.0042,0.0048,0.0072,-28.6626,-19.7476,-78.4073,Bus
-102,7.4503,0.0048,0.6323,10.0567,-0.0052,0.0021,0.0030,-27.9126,-21.2476,-78.7823,Bus
-102,7.4503,0.0096,0.6203,9.8148,-0.0015,-0.0027,0.0062,-28.2876,-19.7476,-79.2198,Bus
-102,7.4503,-0.5197,0.6347,9.7118,-0.0015,0.0016,0.0030,-28.2876,-20.4976,-78.7823,Bus
-102,7.4503,0.1868,0.5820,9.5346,-0.0026,0.0043,0.0030,-27.9126,-20.4976,-79.2823,Bus
-102,7.4503,0.1150,0.5868,9.7621,-0.0031,0.0011,0.0003,-27.9126,-19.7476,-80.0323,Bus
-102,7.4503,0.1389,0.5676,9.4148,0.0006,-0.0027,0.0030,-28.2876,-20.4976,-79.2198,Bus
-102,7.4503,0.0814,0.5676,9.4484,0.0001,-0.0037,0.0046,-28.6626,-18.6226,-78.8448,Bus
-102,7.4503,0.1221,0.6778,9.5753,0.0001,-0.0043,0.0019,-28.6626,-19.7476,-79.2823,Bus
-102,7.4503,-0.2395,0.5604,9.6974,0.0012,-0.0053,0.0051,-28.6626,-20.1226,-80.0948,Bus
-102,7.4503,0.0742,0.7305,9.7980,0.0006,-0.0037,0.0025,-29.0376,-20.1226,-80.0948,Bus
-102,7.4503,0.2850,0.4431,9.4076,0.0017,-0.0075,0.0035,-29.7876,-19.7476,-81.2823,Bus
-102,7.4503,0.0790,0.6562,9.5418,0.0001,-0.0069,0.0041,-28.6626,-20.1226,-80.9073,Bus
-102,7.4503,-0.4095,0.6946,9.7525,0.0012,-0.0085,0.0025,-29.0376,-19.3726,-80.0323,Bus
-102,7.4503,-0.0910,0.5556,10.1525,0.0001,-0.0048,0.0035,-29.7876,-20.8726,-81.2823,Bus
-102,7.4503,0.7257,0.6850,9.4436,0.0006,-0.0085,-0.0002,-29.7876,-20.4976,-82.0948,Bus
-102,7.4503,-0.0072,0.5748,9.4723,0.0012,-0.0085,0.0046,-30.1626,-20.4976,-81.7198,Bus
-102,7.4503,0.1700,0.4646,9.9920,0.0033,-0.0101,0.0046,-29.4126,-21.6226,-80.9073,Bus
-102,7.4503,-0.4263,0.7209,10.3177,0.0028,-0.0016,0.0019,-29.7876,-21.2476,-81.2823,Bus
-102,7.4503,0.2635,0.4000,9.4939,0.0001,-0.0037,0.0003,-30.5376,-21.9976,-81.6573,Bus
-102,7.4503,0.4814,0.5437,9.2615,-0.0004,-0.0080,0.0035,-29.7876,-19.7476,-81.7198,Bus
-102,9.2811,0.1413,0.6730,9.9202,0.0012,-0.0107,0.0030,-29.7876,-21.2476,-82.1573,Bus
-102,9.2811,-0.4215,0.7041,9.9393,0.0012,0.0080,0.0019,-29.7876,-20.4976,-81.6573,Bus
-102,9.2811,0.2898,0.8311,9.7501,0.0006,0.0011,0.0014,-29.7876,-22.3726,-82.9698,Bus
-102,9.2811,0.3736,0.5101,9.9848,-0.0036,-0.0069,0.0014,-30.1626,-21.2476,-80.8448,Bus
-102,9.2811,-0.3664,0.7449,9.7860,-0.0042,0.0069,-0.0023,-29.7876,-19.7476,-82.0948,Bus
-102,9.2811,0.2850,0.5652,9.2376,-0.0026,0.0037,0.0019,-30.1626,-20.8726,-81.7198,Bus
-102,9.2811,0.2060,0.7137,10.1836,-0.0042,-0.0005,0.0035,-29.7876,-21.6226,-80.9073,Bus
-102,9.2811,-0.0910,0.6946,10.4423,-0.0068,0.0032,0.0019,-29.0376,-21.9976,-80.8448,Bus
-102,9.2811,0.2371,0.6179,9.6807,-0.0090,0.0091,-0.0013,-29.7876,-21.6226,-81.7198,Bus
-102,9.2811,0.3712,0.5652,9.1586,-0.0111,0.0059,0.0025,-30.1626,-21.6226,-81.3448,Bus
-102,9.2811,0.0599,0.6730,10.1836,-0.0116,0.0085,0.0046,-30.1626,-21.6226,-82.1573,Bus
-102,9.2811,0.1317,0.4551,10.1525,-0.0122,0.0160,0.0014,-30.1626,-21.6226,-80.9073,Bus
-102,9.2811,0.2323,0.6778,9.8962,-0.0148,0.0122,0.0003,-30.1626,-19.3726,-80.8448,Bus
-102,9.2811,0.2539,0.7472,9.4747,-0.0191,0.0133,0.0019,-30.1626,-19.7476,-81.2823,Bus
-102,9.2811,-0.0216,0.6730,9.5489,-0.0201,0.0165,0.0014,-31.2876,-20.1226,-80.4698,Bus
-102,9.2811,0.3976,0.6970,9.4436,-0.0196,0.0208,0.0009,-30.5376,-20.1226,-80.4698,Bus
-102,9.2811,0.2347,0.5173,9.6543,-0.0191,0.0208,0.0030,-30.9126,-20.8726,-81.2823,Bus
-102,9.2811,0.0934,0.6922,9.6208,-0.0244,0.0186,0.0009,-30.1626,-20.4976,-82.9698,Bus
-102,9.2811,-0.0168,0.7185,9.6591,-0.0260,0.0218,-0.0002,-29.7876,-20.8726,-81.7198,Bus
-102,9.2811,0.1557,0.6586,9.5849,-0.0255,0.0208,0.0014,-30.1626,-20.8726,-81.7198,Bus
-102,9.2811,0.1533,0.6107,9.3023,-0.0276,0.0229,-0.0029,-30.1626,-21.9976,-81.6573,Bus
-102,9.2811,0.2203,0.5580,9.3334,-0.0244,0.0240,0.0014,-30.5376,-20.8726,-81.2823,Bus
-102,9.2811,0.3185,0.5101,9.8196,-0.0249,0.0165,0.0030,-29.4126,-20.8726,-81.3448,Bus
-102,9.2811,-0.6251,0.6467,10.1788,-0.0276,0.0240,-0.0013,-30.1626,-21.2476,-80.8448,Bus
-102,9.2811,0.4095,0.4718,9.4388,-0.0249,0.0218,-0.0013,-30.1626,-21.9976,-80.4698,Bus
-102,9.2811,0.1796,0.5077,9.9705,-0.0255,0.0202,0.0003,-29.4126,-21.6226,-80.5323,Bus
-102,9.2811,0.0647,0.6227,9.6088,-0.0239,0.0170,-0.0034,-29.0376,-21.2476,-80.0323,Bus
-102,9.2811,-0.1030,0.5485,9.8028,-0.0217,0.0192,-0.0002,-29.4126,-21.2476,-80.4698,Bus
-102,9.2811,-0.1102,0.4072,10.0303,-0.0191,0.0192,0.0014,-29.4126,-21.6226,-80.0323,Bus
-102,9.2811,0.2682,0.5173,10.1693,-0.0175,0.0144,-0.0018,-29.4126,-22.3726,-79.2198,Bus
-102,9.2811,-0.1677,0.7017,9.4196,-0.0169,0.0154,-0.0055,-29.0376,-20.8726,-79.5948,Bus
-102,9.2811,0.0623,0.3736,9.6400,-0.0127,0.0101,-0.0007,-29.0376,-20.8726,-78.8448,Bus
-102,9.2811,-0.0623,0.6203,10.6387,-0.0122,0.0085,0.0003,-29.4126,-20.8726,-78.8448,Bus
-102,9.2811,-0.1724,0.6634,10.1980,-0.0074,0.0069,-0.0061,-28.6626,-21.2476,-80.0948,Bus
-102,9.2811,0.0503,0.5964,8.9143,-0.0031,0.0064,-0.0039,-29.4126,-20.8726,-80.0948,Bus
-102,9.2811,0.4359,0.4431,9.3334,-0.0026,-0.0021,0.0003,-29.0376,-20.1226,-78.7823,Bus
-102,9.2811,-0.7951,0.5724,10.5261,0.0012,0.0011,-0.0018,-28.6626,-20.1226,-79.5948,Bus
-102,9.2811,-0.1724,0.6514,9.7286,0.0060,0.0128,-0.0023,-29.4126,-20.4976,-80.0323,Bus
-102,9.2811,0.8191,0.4479,9.0460,0.0076,-0.0048,-0.0023,-29.4126,-21.2476,-79.6573,Bus
-102,9.2811,0.0551,0.5293,9.1394,0.0060,-0.0048,-0.0007,-29.0376,-20.8726,-79.6573,Bus
-102,9.2811,-0.1605,0.6706,10.1525,0.0091,-0.0005,0.0009,-30.1626,-21.2476,-79.2198,Bus
-102,9.2811,-0.7257,0.6323,9.3765,0.0155,0.0053,-0.0029,-29.4126,-21.2476,-81.2823,Bus
-102,9.2811,0.4503,0.4311,9.0628,0.0171,0.0048,-0.0018,-29.4126,-20.8726,-80.4698,Bus
-102,9.2811,0.6682,0.5053,9.3023,0.0171,-0.0005,-0.0018,-29.4126,-20.8726,-79.2198,Bus
-102,9.2811,-0.5604,0.9173,9.7286,0.0145,-0.0080,-0.0007,-29.0376,-21.9976,-80.9073,Bus
-102,9.2811,0.3209,0.5820,9.2376,0.0209,-0.0080,0.0025,-29.4126,-20.8726,-79.5948,Bus
-102,9.2811,0.3353,0.6946,9.3621,0.0193,0.0064,-0.0007,-29.7876,-20.8726,-79.2823,Bus
-102,9.2811,-0.2658,0.6778,8.9909,0.0214,-0.0011,-0.0039,-29.7876,-21.2476,-80.8448,Bus
-102,9.8800,-0.0359,0.6491,9.1633,0.0214,0.0144,0.0014,-28.6626,-21.2476,-80.4698,Bus
-102,9.8800,0.8167,0.5676,9.4675,0.0209,0.0032,0.0014,-29.4126,-21.2476,-81.2823,Bus
-102,9.8800,0.0503,0.5269,9.6040,0.0209,0.0059,-0.0002,-29.0376,-21.2476,-78.8448,Bus
-102,9.8800,-0.5820,0.8838,9.4388,0.0182,0.0144,-0.0023,-29.0376,-21.6226,-79.6573,Bus
-102,9.8800,-0.0742,0.6371,9.7477,0.0171,0.0149,-0.0002,-29.7876,-21.6226,-81.7198,Bus
-102,9.8800,0.8335,0.6179,10.3632,0.0171,0.0133,0.0014,-29.4126,-21.2476,-78.4073,Bus
-102,9.8800,-0.0407,0.5341,9.4891,0.0166,0.0170,-0.0007,-28.2876,-20.1226,-80.0948,Bus
-102,9.8800,0.6706,0.7808,8.8688,0.0182,0.0160,0.0030,-28.6626,-20.4976,-79.2198,Bus
-102,9.8800,-0.3449,0.5868,10.5525,0.0123,0.0256,0.0025,-29.4126,-21.2476,-78.4073,Bus
-102,9.8800,-0.8167,0.7975,10.8327,0.0102,0.0437,-0.0061,-28.2876,-20.8726,-81.2823,Bus
-102,9.8800,0.5317,0.5053,10.4567,0.0065,0.0309,-0.0023,-29.0376,-21.6226,-79.2198,Bus
-102,9.8800,0.9293,0.5125,10.3345,0.0054,0.0261,-0.0007,-28.6626,-20.4976,-81.3448,Bus
-102,9.8800,-0.1533,0.4527,10.2004,0.0033,0.0202,-0.0013,-28.6626,-20.8726,-80.4698,Bus
-102,9.8800,-0.6874,0.7904,10.0303,-0.0010,0.0330,-0.0050,-28.6626,-19.7476,-78.8448,Bus
-102,9.8800,-0.0862,0.3377,9.9034,-0.0004,0.0320,-0.0002,-28.2876,-20.4976,-80.0948,Bus
-102,9.8800,0.3209,0.4862,11.3931,-0.0015,0.0282,0.0019,-27.9126,-21.2476,-80.9073,Bus
-102,9.8800,0.1605,0.4311,10.8303,-0.0063,0.0325,-0.0045,-28.6626,-21.2476,-82.1573,Bus
-102,9.8800,-0.4694,0.5796,10.1237,-0.0127,0.0250,-0.0082,-28.6626,-20.4976,-81.7198,Bus
-102,9.8800,-0.6179,0.6993,10.0399,-0.0132,0.0336,-0.0045,-29.0376,-20.4976,-82.9698,Bus
-102,9.8800,0.9700,0.4095,10.3968,-0.0127,0.0213,0.0025,-29.0376,-20.4976,-82.0948,Bus
-102,9.8800,0.4694,0.1437,10.4207,-0.0122,0.0138,-0.0029,-29.0376,-20.8726,-82.5323,Bus
-102,9.8800,-0.6227,0.5389,10.2315,-0.0143,0.0186,-0.0055,-28.2876,-19.7476,-81.2823,Bus
-102,9.8800,-1.2478,0.4215,9.9058,-0.0154,0.0202,-0.0039,-29.4126,-19.3726,-81.7198,Bus
-102,9.8800,0.5509,0.2084,10.5093,-0.0138,0.0197,-0.0013,-29.4126,-19.7476,-83.7823,Bus
-102,9.8800,0.5269,0.1677,10.0112,-0.0154,0.0032,-0.0039,-29.4126,-20.8726,-82.9698,Bus
-102,9.8800,-0.6059,0.5556,9.2687,-0.0111,0.0075,-0.0071,-29.0376,-20.1226,-82.0948,Bus
-102,9.8800,-0.5245,0.4407,9.2472,-0.0090,0.0059,-0.0013,-30.1626,-19.3726,-84.2198,Bus
-102,9.8800,0.4167,0.1198,10.1166,-0.0127,0.0032,-0.0002,-29.4126,-19.7476,-82.9698,Bus
-102,9.8800,0.0982,0.1844,10.4399,-0.0122,-0.0107,-0.0007,-29.4126,-18.9976,-84.1573,Bus
-102,9.8800,-1.1903,0.1700,9.3454,-0.0079,-0.0005,-0.0071,-29.7876,-19.7476,-84.2198,Bus
-102,9.8800,-0.3904,0.1916,8.9382,-0.0031,0.0064,-0.0023,-29.7876,-19.3726,-85.0323,Bus
-102,9.8800,0.7472,-0.0766,8.9765,-0.0036,-0.0021,-0.0029,-29.4126,-20.4976,-84.2198,Bus
-102,9.8800,0.4095,0.0814,9.4579,-0.0052,-0.0133,-0.0018,-30.1626,-19.7476,-85.4073,Bus
-102,9.8800,-0.6107,0.1030,9.3214,-0.0026,-0.0144,-0.0034,-30.1626,-21.2476,-84.9698,Bus
-102,9.8800,-0.2658,0.0575,9.5465,0.0033,-0.0128,0.0014,-29.7876,-20.8726,-84.9698,Bus
-102,9.8800,-0.0695,-0.0240,9.6735,0.0054,-0.0048,-0.0029,-30.1626,-20.4976,-84.9698,Bus
-102,9.8800,-0.2994,0.0742,8.9023,0.0049,-0.0021,-0.0061,-30.1626,-20.1226,-84.5948,Bus
-102,9.8800,0.2802,-0.1150,8.5598,0.0038,-0.0107,-0.0039,-30.1626,-21.2476,-84.5948,Bus
-102,9.8800,0.1844,-0.0407,9.3645,0.0065,-0.0107,-0.0007,-30.1626,-21.6226,-85.0323,Bus
-102,9.8800,-0.0671,-0.0072,10.1549,0.0102,-0.0080,0.0009,-30.1626,-20.8726,-83.4073,Bus
-102,9.8800,-0.4838,0.0814,9.5705,0.0118,0.0027,-0.0029,-30.5376,-21.6226,-84.9698,Bus
-102,9.8800,-0.0383,0.0335,8.9789,0.0113,0.0005,-0.0023,-29.7876,-21.6226,-84.5948,Bus
-102,9.8800,0.5485,-0.2179,9.8244,0.0118,-0.0011,0.0014,-29.7876,-20.8726,-83.7823,Bus
-102,9.8800,-0.1485,-0.2515,10.0974,0.0118,-0.0000,-0.0029,-29.4126,-20.8726,-85.8448,Bus
-102,9.8800,-0.8095,-0.2994,9.6591,0.0145,0.0059,-0.0039,-29.7876,-20.8726,-85.4698,Bus
-102,9.8800,0.3473,-0.5532,9.7166,0.0155,0.0101,-0.0013,-30.1626,-20.8726,-85.4073,Bus
-102,9.8800,0.2347,-0.7305,10.2938,0.0123,0.0085,-0.0039,-31.6626,-20.4976,-85.0323,Bus
-102,9.8800,-0.2371,-0.5006,10.0399,0.0123,0.0170,-0.0039,-30.5376,-19.7476,-85.4698,Bus
-102,9.8800,-0.2251,-0.5532,9.9082,0.0113,0.0186,-0.0007,-30.5376,-21.9976,-85.0323,Bus
-102,10.4712,0.1605,-0.5245,10.6602,0.0113,0.0224,-0.0023,-30.5376,-20.8726,-86.2198,Bus
-102,10.4712,-0.3018,-0.3569,10.5788,0.0091,0.0256,-0.0066,-30.5376,-21.2476,-85.0323,Bus
-102,10.4712,0.0072,-0.2491,9.9226,0.0070,0.0224,-0.0061,-31.6626,-21.2476,-84.5948,Bus
-102,10.4712,-0.0192,-0.0551,10.4662,0.0065,0.0186,-0.0034,-31.6626,-21.2476,-84.9698,Bus
-102,10.4712,-1.0778,-0.0527,11.1225,0.0038,0.0240,-0.0055,-30.9126,-20.8726,-85.7823,Bus
-102,10.4712,-0.1389,-0.1221,10.5309,0.0012,0.0261,-0.0109,-31.2876,-22.3726,-86.2198,Bus
-102,10.4712,0.5101,-0.3664,9.9345,-0.0004,0.0144,-0.0082,-30.9126,-22.3726,-84.9698,Bus
-102,10.4712,0.0790,-0.2515,10.3585,-0.0010,0.0106,-0.0061,-31.2876,-20.8726,-84.5948,Bus
-102,10.4712,-0.4598,-0.3425,10.2890,-0.0058,0.0096,-0.0066,-30.5376,-22.7476,-84.5948,Bus
-102,10.4712,-0.5006,-0.3281,10.1285,-0.0079,0.0069,-0.0098,-30.9126,-22.3726,-84.1573,Bus
-102,10.4712,-0.0216,-0.4455,10.1716,-0.0122,0.0027,-0.0071,-30.9126,-23.1226,-84.2198,Bus
-102,10.4712,-0.1653,-0.3784,10.1094,-0.0116,0.0048,-0.0077,-30.1626,-22.7476,-82.5323,Bus
-102,10.4712,0.0934,-0.3377,9.2184,-0.0138,0.0027,-0.0098,-30.1626,-21.6226,-83.7198,Bus
-102,10.4712,0.1365,-0.2132,9.4891,-0.0138,-0.0085,-0.0082,-30.5376,-21.6226,-83.7823,Bus
-102,10.4712,-0.5988,-0.1916,10.1669,-0.0191,-0.0037,-0.0077,-29.7876,-20.8726,-83.4073,Bus
-102,10.4712,-0.3545,-0.2275,9.7310,-0.0175,-0.0016,-0.0119,-29.7876,-20.4976,-82.9698,Bus
-102,10.4712,0.4551,-0.2108,9.6328,-0.0143,-0.0085,-0.0082,-29.4126,-19.7476,-83.7823,Bus
-102,10.4712,0.0575,-0.2587,9.3286,-0.0169,-0.0112,-0.0114,-30.1626,-21.2476,-83.4073,Bus
-102,10.4712,-0.6131,-0.2635,9.1178,-0.0169,-0.0107,-0.0109,-29.4126,-21.6226,-83.7823,Bus
-102,10.4712,0.2682,-0.4479,9.6495,-0.0164,-0.0101,-0.0066,-29.7876,-20.4976,-83.4073,Bus
-102,10.4712,0.0503,-0.2179,10.2651,-0.0122,-0.0144,-0.0077,-28.6626,-19.7476,-83.7823,Bus
-102,10.4712,-0.3928,-0.3161,9.5921,-0.0116,-0.0091,-0.0119,-29.4126,-19.7476,-83.4073,Bus
-102,10.4712,0.0719,-0.4551,8.8113,-0.0095,-0.0144,-0.0103,-30.1626,-19.7476,-84.1573,Bus
-102,10.4712,0.0431,-0.3832,9.5346,-0.0095,-0.0181,-0.0093,-30.5376,-19.3726,-84.1573,Bus
-102,10.4712,-0.0647,-0.3688,10.0663,-0.0090,-0.0202,-0.0093,-29.7876,-19.7476,-83.3448,Bus
-102,10.4712,-0.1078,-0.3880,9.5609,-0.0036,-0.0149,-0.0087,-29.7876,-19.3726,-83.7823,Bus
-102,10.4712,0.0623,-0.5173,9.4579,0.0012,-0.0123,-0.0077,-30.5376,-18.6226,-84.1573,Bus
-102,10.4712,-0.0503,-0.2179,10.0663,0.0022,-0.0133,-0.0087,-30.5376,-20.1226,-84.9698,Bus
-102,10.4712,-0.0216,-0.3784,9.8196,0.0022,-0.0128,-0.0119,-29.7876,-20.4976,-84.9698,Bus
-102,10.4712,-0.1724,-0.4742,9.7429,0.0060,-0.0128,-0.0093,-30.1626,-20.1226,-84.5948,Bus
-102,10.4712,0.7185,-0.4311,9.6064,0.0118,-0.0165,-0.0050,-30.5376,-20.8726,-85.4698,Bus
-102,10.4712,0.1605,-0.4263,10.1980,0.0129,-0.0160,-0.0087,-30.5376,-19.3726,-85.4698,Bus
-102,10.4712,-1.0730,-0.1198,9.8507,0.0150,-0.0048,-0.0157,-30.9126,-19.3726,-86.2198,Bus
-102,10.4712,0.1365,-0.4934,9.5801,0.0166,-0.0043,-0.0103,-30.1626,-20.8726,-86.2198,Bus
-102,10.4712,0.7568,-0.4024,10.3130,0.0193,-0.0080,-0.0082,-30.5376,-20.1226,-86.2198,Bus
-102,10.4712,-0.1868,-0.2826,10.2219,0.0230,-0.0059,-0.0130,-29.7876,-20.8726,-84.9698,Bus
-102,10.4712,-0.2587,-0.2635,9.4028,0.0235,-0.0011,-0.0135,-30.5376,-20.1226,-85.4073,Bus
-102,10.4712,-0.0120,-0.4407,9.4771,0.0235,-0.0075,-0.0071,-30.5376,-19.7476,-86.2198,Bus
-102,10.4712,0.5724,-0.1988,10.3393,0.0230,-0.0144,-0.0087,-31.2876,-20.4976,-85.8448,Bus
-102,10.4712,-0.0647,-0.3712,10.0279,0.0241,-0.0064,-0.0114,-30.5376,-20.4976,-87.0948,Bus
-102,10.4712,-0.3042,-0.3377,9.5058,0.0294,-0.0032,-0.0103,-30.5376,-20.4976,-87.4698,Bus
-102,10.4712,0.2970,-0.3114,9.5154,0.0267,-0.0027,-0.0093,-30.9126,-20.4976,-86.6573,Bus
-102,10.4712,0.3640,-0.2443,9.7238,0.0209,-0.0064,-0.0103,-30.5376,-20.8726,-85.7823,Bus
-102,10.4712,0.0072,-0.2347,9.7262,0.0214,-0.0075,-0.0103,-31.2876,-20.4976,-86.7198,Bus
-102,10.4712,-0.1461,-0.3066,10.0327,0.0214,-0.0043,-0.0087,-30.1626,-21.6226,-86.6573,Bus
-102,10.4712,-0.1174,-0.2994,9.8244,0.0209,0.0016,-0.0141,-30.9126,-20.8726,-86.6573,Bus
-102,10.4712,0.2730,-0.3209,9.4076,0.0150,-0.0037,-0.0098,-30.5376,-21.2476,-86.2823,Bus
-102,10.4712,0.5173,-0.2515,9.8028,0.0129,-0.0107,-0.0077,-31.2876,-20.4976,-86.6573,Bus
-102,10.4712,-0.6035,-0.2084,10.1764,0.0123,-0.0011,-0.0103,-30.9126,-21.6226,-85.8448,Bus
-102,10.4712,-0.4742,-0.1868,10.2435,0.0139,0.0149,-0.0125,-30.9126,-22.3726,-85.8448,Bus
-102,10.5834,0.5101,-0.4000,10.1573,0.0129,0.0091,-0.0098,-30.5376,-21.6226,-86.2198,Bus
-102,10.5834,0.3736,-0.3353,10.1645,0.0081,0.0005,-0.0114,-30.9126,-21.2476,-87.5323,Bus
-102,10.5834,0.1485,-0.1341,9.5705,0.0060,-0.0043,-0.0109,-30.9126,-20.8726,-85.4073,Bus
-102,10.5834,-0.2275,-0.3305,9.9369,0.0054,-0.0075,-0.0077,-30.9126,-20.8726,-85.4698,Bus
-102,10.5834,-0.1126,-0.2970,10.4782,0.0065,0.0032,-0.0071,-30.5376,-20.4976,-85.0323,Bus
-102,10.5834,0.1078,-0.2706,10.6890,0.0065,0.0075,-0.0103,-30.9126,-20.8726,-85.4073,Bus
-102,10.5834,0.3233,-0.4311,9.8819,0.0012,0.0016,-0.0130,-30.5376,-21.6226,-85.4698,Bus
-102,10.5834,-0.3640,-0.3233,9.7789,0.0001,-0.0011,-0.0119,-30.1626,-21.6226,-85.0323,Bus
-102,10.5834,0.1437,-0.3377,9.7789,0.0028,-0.0021,-0.0087,-30.9126,-21.2476,-84.1573,Bus
-102,10.5834,0.1653,-0.2299,10.2387,0.0012,-0.0032,-0.0093,-30.1626,-21.6226,-83.7823,Bus
-102,10.5834,-0.3257,-0.3353,10.4662,0.0001,-0.0059,-0.0098,-30.1626,-20.8726,-82.9698,Bus
-102,10.5834,-0.2132,-0.3137,9.9298,-0.0010,-0.0043,-0.0098,-30.1626,-21.6226,-82.9698,Bus
-102,10.5834,0.2036,-0.3114,9.8004,-0.0036,-0.0075,-0.0087,-29.4126,-20.8726,-82.9073,Bus
-102,10.5834,0.1054,-0.3090,10.0950,-0.0058,-0.0091,-0.0087,-29.4126,-20.8726,-82.5323,Bus
-102,10.5834,-0.6467,-0.2754,9.9058,-0.0031,-0.0027,-0.0130,-29.4126,-21.2476,-81.7198,Bus
-102,10.5834,0.1317,-0.1940,9.9130,-0.0020,-0.0048,-0.0093,-29.0376,-20.8726,-82.5323,Bus
-102,10.5834,0.0623,-0.2443,10.1285,-0.0063,-0.0155,-0.0098,-29.0376,-19.7476,-82.1573,Bus
-102,10.5834,-0.3090,-0.6874,9.7765,-0.0095,-0.0202,-0.0098,-29.4126,-19.7476,-82.9073,Bus
-102,10.5834,1.1999,-0.2539,8.9981,-0.0122,-0.0320,-0.0114,-30.1626,-20.8726,-82.9698,Bus
-102,10.5834,-0.9412,-0.2563,10.3369,-0.0084,-0.0266,-0.0050,-29.7876,-20.1226,-82.9073,Bus
-102,10.5834,-0.2682,-0.4527,10.1070,-0.0047,-0.0112,-0.0082,-30.1626,-20.1226,-82.9698,Bus
-102,10.5834,-0.1533,-0.3377,9.7525,-0.0036,-0.0080,-0.0135,-29.0376,-18.9976,-84.2198,Bus
-102,10.5834,1.3005,-0.5532,8.5478,-0.0100,-0.0229,-0.0093,-29.4126,-19.7476,-84.1573,Bus
-102,10.5834,-0.5125,-0.2203,9.4819,-0.0090,-0.0298,-0.0055,-30.5376,-19.7476,-84.5948,Bus
-102,10.5834,0.1389,-0.3329,9.7980,-0.0058,-0.0202,-0.0082,-30.5376,-19.3726,-84.5948,Bus
-102,10.5834,-0.0623,-0.3521,9.8172,-0.0026,-0.0128,-0.0087,-30.5376,-19.7476,-84.5948,Bus
-102,10.5834,0.0838,-0.5365,9.6447,-0.0047,-0.0133,-0.0093,-30.5376,-20.4976,-85.0323,Bus
-102,10.5834,0.4167,-0.5700,9.1993,-0.0095,-0.0128,-0.0087,-30.5376,-19.7476,-85.4698,Bus
-102,10.5834,0.1748,-0.7712,9.5010,-0.0084,-0.0160,-0.0061,-30.5376,-19.3726,-85.9073,Bus
-102,10.5834,-0.2682,-0.7688,10.1884,-0.0090,-0.0096,-0.0082,-30.9126,-19.3726,-86.7198,Bus
-102,10.5834,-0.1198,-1.1281,10.5836,-0.0084,-0.0037,-0.0061,-30.9126,-19.3726,-86.6573,Bus
-102,10.5834,0.6610,-1.1257,9.6160,-0.0122,-0.0027,-0.0109,-31.2876,-20.4976,-85.7823,Bus
-102,10.5834,0.2467,-1.3963,9.0292,-0.0138,-0.0027,-0.0055,-31.2876,-19.7476,-86.2198,Bus
-102,10.5834,-0.0144,-1.6406,9.9800,-0.0148,-0.0021,-0.0034,-31.2876,-19.7476,-85.9073,Bus
-102,10.5834,0.1174,-1.4011,10.2579,-0.0127,0.0096,-0.0082,-30.9126,-20.4976,-86.2198,Bus
-102,10.5834,0.0671,-1.1616,10.3225,-0.0159,0.0091,-0.0098,-31.2876,-21.2476,-87.0948,Bus
-102,10.5834,0.1221,-1.0969,10.1046,-0.0212,0.0080,-0.0098,-30.9126,-20.8726,-85.4073,Bus
-102,10.5834,0.3616,-0.9125,9.6567,-0.0201,0.0112,-0.0109,-30.5376,-20.1226,-85.4698,Bus
-102,10.5834,0.3114,-0.6610,9.7717,-0.0169,0.0075,-0.0071,-31.2876,-20.4976,-85.4073,Bus
-102,10.5834,0.2539,-0.9748,9.8004,-0.0196,0.0053,-0.0066,-30.9126,-20.4976,-85.8448,Bus
-102,10.5834,-0.1317,-0.8957,10.2028,-0.0223,0.0075,-0.0103,-30.9126,-20.4976,-84.9698,Bus
-102,10.5834,-0.6874,-0.9508,10.2483,-0.0212,0.0122,-0.0109,-30.9126,-20.4976,-85.4698,Bus
-102,10.5834,0.5868,-1.2789,9.2903,-0.0207,0.0138,-0.0077,-30.9126,-19.7476,-85.4698,Bus
-102,10.5834,0.5413,-1.0275,9.0077,-0.0212,0.0064,-0.0109,-30.1626,-18.9976,-84.5948,Bus
-102,10.5834,0.2898,-1.3125,7.4916,-0.0313,0.0059,-0.0103,-30.5376,-20.1226,-84.5948,Bus
-102,10.5834,-0.4790,-1.3795,9.0316,-0.0351,0.0122,-0.0055,-29.7876,-20.4976,-84.1573,Bus
-102,10.5834,-0.0407,-0.9796,11.6733,-0.0244,0.0240,-0.0034,-30.1626,-20.8726,-83.8448,Bus
-102,10.5834,-0.9365,-1.5017,10.3417,-0.0292,0.0474,-0.0151,-29.4126,-19.7476,-84.9698,Bus
-102,10.5834,2.3256,-1.1161,6.8737,-0.0276,0.0106,-0.0183,-30.1626,-19.7476,-83.7198,Bus
-102,10.5834,2.5723,-1.3532,9.5346,-0.0345,-0.0218,0.0057,-29.7876,-19.7476,-84.1573,Bus
-102,10.5834,-1.4586,-1.1544,11.2638,-0.0388,0.0059,-0.0029,-30.1626,-18.9976,-83.3448,Bus
-102,10.2200,-3.0081,-1.0778,10.2531,-0.0335,0.0708,-0.0157,-29.7876,-19.7476,-84.2198,Bus
-102,10.2200,1.0873,-1.5831,8.6915,-0.0260,0.0117,-0.0103,-30.1626,-20.4976,-83.4073,Bus
-102,10.2200,1.6478,-1.4658,9.5897,-0.0313,0.0218,-0.0103,-30.1626,-18.6226,-83.7198,Bus
-102,10.2200,0.3329,-1.5184,8.4879,-0.0478,0.0218,-0.0093,-29.7876,-19.7476,-83.7823,Bus
-102,10.2200,-0.9125,-1.3388,9.3549,-0.0340,0.0202,-0.0007,-30.5376,-19.3726,-82.9698,Bus
-102,10.2200,-0.6179,-1.3987,11.3021,-0.0159,0.0458,-0.0002,-30.1626,-18.6226,-83.7823,Bus
-102,10.2200,0.8454,-1.2933,11.3692,-0.0100,0.0474,-0.0087,-30.5376,-19.7476,-83.7198,Bus
-102,10.2200,0.3928,-1.6645,9.9058,-0.0196,0.0320,-0.0141,-30.5376,-19.3726,-84.5948,Bus
-102,10.2200,0.9269,-1.5376,8.1526,-0.0276,-0.0096,-0.0093,-29.7876,-18.9976,-82.9698,Bus
-102,10.2200,-0.0335,-1.1807,10.8111,-0.0175,-0.0037,0.0067,-30.1626,-20.8726,-83.3448,Bus
-102,10.2200,-1.6957,-1.3915,11.3404,-0.0052,0.0208,-0.0055,-29.4126,-19.7476,-82.5323,Bus
-102,10.2200,-0.0216,-1.3388,9.9393,0.0081,0.0367,-0.0125,-30.5376,-19.7476,-83.7198,Bus
-102,10.2200,0.9317,-1.5113,8.3778,0.0012,0.0192,-0.0093,-30.5376,-20.4976,-85.4073,Bus
-102,10.2200,0.6419,-1.4897,9.6519,-0.0090,-0.0117,-0.0013,-30.9126,-18.6226,-84.9698,Bus
-102,10.2200,-0.6131,-1.5280,10.6986,-0.0031,-0.0101,0.0003,-30.9126,-19.3726,-84.9698,Bus
-102,10.2200,-0.4359,-1.1161,10.2986,0.0102,0.0149,-0.0034,-30.9126,-19.7476,-84.5323,Bus
-102,10.2200,-0.7472,-1.2670,8.9310,0.0182,0.0351,-0.0077,-31.2876,-20.8726,-83.7823,Bus
-102,10.2200,0.2371,-1.2861,8.5838,0.0076,0.0138,-0.0082,-31.2876,-19.7476,-84.5948,Bus
-102,10.2200,0.6371,-1.4681,8.4065,-0.0015,-0.0144,-0.0061,-30.5376,-20.4976,-83.7823,Bus
-102,10.2200,0.4048,-0.8909,10.4111,0.0044,-0.0080,0.0041,-31.2876,-20.4976,-83.7823,Bus
-102,10.2200,-0.9844,-0.9772,11.3452,0.0161,0.0149,0.0003,-30.9126,-20.8726,-82.9698,Bus
-102,10.2200,-0.3880,-0.8191,10.3369,0.0246,0.0336,-0.0066,-31.2876,-20.4976,-84.1573,Bus
-102,10.2200,0.3353,-1.0155,8.5215,0.0155,0.0144,-0.0093,-31.2876,-20.8726,-83.3448,Bus
-102,10.2200,0.3593,-0.9580,8.5358,0.0097,-0.0155,-0.0018,-31.2876,-20.1226,-82.0948,Bus
-102,10.2200,-0.2299,-1.0586,10.1022,0.0107,-0.0128,0.0030,-30.5376,-20.4976,-82.1573,Bus
-102,10.2200,-0.6970,-1.0107,9.7813,0.0246,0.0069,-0.0013,-30.5376,-20.1226,-83.3448,Bus
-102,10.2200,0.1700,-1.5160,8.7394,0.0337,0.0128,-0.0007,-30.1626,-21.2476,-81.6573,Bus
-102,10.2200,1.8537,-0.2563,10.0279,0.0241,-0.0165,0.0030,-30.5376,-20.4976,-82.5323,Bus
-102,10.2200,-2.8740,-1.1640,10.1333,0.0113,0.0293,-0.0093,-30.1626,-21.2476,-81.3448,Bus
-102,10.2200,-0.9077,-1.0059,9.4268,0.0193,0.0005,-0.0029,-30.1626,-21.2476,-81.2823,Bus
-102,10.2200,2.4046,-1.3819,8.9238,0.0299,-0.0266,0.0067,-30.9126,-20.4976,-81.7198,Bus
-102,10.2200,0.6011,-1.0658,9.1083,0.0310,-0.0064,0.0179,-30.5376,-19.7476,-80.9073,Bus
-102,10.2200,-2.3016,-0.4527,8.1239,0.0246,-0.0075,-0.0045,-29.7876,-20.8726,-82.5323,Bus
-102,10.2200,-0.7281,-0.8981,9.1442,0.0241,-0.0000,0.0025,-29.4126,-21.2476,-80.0323,Bus
-102,10.2200,0.3736,-0.8886,12.2002,0.0225,0.0101,0.0046,-29.0376,-19.7476,-80.0323,Bus
-102,10.2200,0.6179,-1.0634,9.8124,0.0209,0.0080,-0.0050,-29.0376,-20.4976,-80.4698,Bus
-102,10.2200,0.3449,-1.2023,6.8043,0.0219,-0.0069,-0.0034,-29.4126,-20.4976,-80.8448,Bus
-102,10.2200,-0.4670,-0.3281,8.3059,0.0203,0.0091,0.0104,-28.6626,-19.7476,-79.2198,Bus
-102,10.2200,-0.2611,-0.5580,12.2817,0.0145,0.0106,0.0099,-29.4126,-20.4976,-80.4698,Bus
-102,10.2200,-1.0299,-1.5208,13.6660,0.0044,0.0410,-0.0055,-29.0376,-20.1226,-79.2198,Bus
-102,10.2200,-0.9580,-0.7712,10.6554,0.0060,0.0357,-0.0141,-30.1626,-19.3726,-80.0948,Bus
-102,10.2200,1.6502,-1.2502,7.5898,0.0070,-0.0085,-0.0023,-28.2876,-19.3726,-79.5948,Bus
-102,10.2200,0.4622,-0.7592,9.2951,0.0033,0.0128,0.0009,-29.0376,-19.7476,-80.4698,Bus
-102,10.2200,-1.0299,-0.2515,10.4734,-0.0015,0.0309,0.0025,-28.6626,-19.7476,-79.5948,Bus
-102,10.2200,-0.4479,-0.9365,12.8158,-0.0052,0.0048,0.0072,-29.0376,-19.7476,-80.0323,Bus
-102,10.2200,-0.6059,-1.0514,12.9858,-0.0116,0.0138,0.0025,-29.4126,-20.4976,-80.0323,Bus
-102,10.2200,-0.5964,-1.0059,10.2722,-0.0111,0.0096,-0.0109,-29.4126,-18.2476,-80.8448,Bus
-102,10.2200,0.4670,-0.5844,7.7670,-0.0127,-0.0005,-0.0087,-29.7876,-18.9976,-80.4698,Bus
-102,10.2200,0.9197,-0.6730,8.7418,-0.0143,-0.0101,0.0030,-30.1626,-18.6226,-81.2823,Bus
-102,10.2200,-0.3976,-1.0418,11.3524,-0.0260,-0.0037,0.0072,-29.7876,-18.6226,-81.3448,Bus
-102,9.2201,-0.8095,-0.6251,11.2302,-0.0233,-0.0064,0.0025,-30.1626,-17.4976,-81.3448,Bus
-102,9.2201,-1.3125,-0.7353,10.3728,-0.0223,0.0154,-0.0045,-29.7876,-18.6226,-82.5323,Bus
-102,9.2201,0.7041,-0.7999,7.7670,-0.0217,-0.0043,-0.0109,-29.7876,-17.4976,-82.4698,Bus
-102,9.2201,1.3747,-1.0346,8.1670,-0.0271,-0.0139,0.0030,-29.7876,-17.1226,-82.9698,Bus
-102,9.2201,1.2263,-0.8239,9.9226,-0.0324,-0.0304,0.0110,-29.4126,-17.8726,-84.1573,Bus
-102,9.2201,-2.6154,-0.6035,11.6901,-0.0308,0.0165,0.0051,-30.5376,-17.8726,-82.9698,Bus
-102,9.2201,-1.6741,-0.8191,9.2663,-0.0233,0.0091,-0.0029,-30.1626,-17.4976,-83.7823,Bus
-102,9.2201,1.5472,-0.9460,8.6221,-0.0223,0.0170,-0.0002,-30.9126,-18.6226,-84.2198,Bus
-102,9.2201,1.5424,-1.1616,9.1322,-0.0287,-0.0128,0.0003,-30.1626,-18.2476,-85.4073,Bus
-102,9.2201,-0.7233,-0.7928,9.5633,-0.0329,0.0117,0.0030,-30.9126,-18.9976,-86.6573,Bus
-102,9.2201,-0.7496,-0.9269,10.0567,-0.0244,-0.0043,0.0067,-30.9126,-18.2476,-84.1573,Bus
-102,9.2201,-0.1078,-0.8598,10.4758,-0.0175,-0.0016,0.0057,-30.9126,-18.2476,-85.4073,Bus
-102,9.2201,0.1772,-0.7472,10.1237,-0.0154,0.0197,-0.0018,-30.5376,-18.6226,-86.2198,Bus
-102,9.2201,0.1629,-0.9317,9.1657,-0.0180,0.0085,-0.0029,-30.5376,-19.3726,-87.0323,Bus
-102,9.2201,0.4598,-0.7185,9.3070,-0.0169,-0.0139,0.0083,-32.0376,-19.7476,-87.0323,Bus
-102,9.2201,-0.7544,-0.3137,10.0782,-0.0122,-0.0080,0.0072,-32.0376,-20.1226,-86.6573,Bus
-102,9.2201,-0.3832,0.1365,10.5429,-0.0047,-0.0053,0.0041,-31.6626,-18.9976,-87.4698,Bus
-102,9.2201,-0.2994,-0.1629,9.7980,-0.0042,0.0032,-0.0029,-32.0376,-19.7476,-86.6573,Bus
-102,9.2201,0.0814,-0.1269,9.9130,-0.0004,-0.0053,-0.0002,-31.6626,-20.8726,-87.0323,Bus
-102,9.2201,0.3784,-0.5580,9.9178,-0.0015,-0.0256,0.0067,-31.6626,-19.7476,-86.6573,Bus
-102,9.2201,-0.5940,-0.3664,10.1597,0.0017,-0.0250,0.0035,-32.0376,-20.8726,-87.8448,Bus
-102,9.2201,-0.7784,-0.3473,9.3094,0.0070,-0.0176,0.0003,-32.0376,-20.8726,-87.0323,Bus
-102,9.2201,-0.0790,-0.5125,9.1586,0.0123,-0.0181,0.0003,-32.4126,-21.6226,-87.9073,Bus
-102,9.2201,0.5149,-0.5532,10.0279,0.0102,-0.0298,0.0035,-32.4126,-20.4976,-86.6573,Bus
-102,9.2201,0.2371,-0.6371,9.8819,0.0097,-0.0314,0.0051,-32.4126,-21.6226,-87.0948,Bus
-102,9.2201,-1.2119,-0.2443,9.4555,0.0081,-0.0224,0.0014,-32.4126,-21.6226,-86.6573,Bus
-102,9.2201,-0.2060,-0.3497,8.4760,0.0155,-0.0277,0.0025,-32.7876,-21.9976,-85.8448,Bus
-102,9.2201,0.4000,-0.2994,10.2076,0.0161,-0.0139,0.0072,-32.0376,-21.6226,-85.8448,Bus
-102,9.2201,0.2156,-0.3233,9.8986,0.0134,-0.0256,0.0035,-31.2876,-21.2476,-85.0323,Bus
-102,9.2201,-0.2994,-0.3281,9.2687,0.0145,-0.0218,0.0051,-31.2876,-21.9976,-85.0323,Bus
-102,9.2201,-0.1844,0.0024,9.5370,0.0155,-0.0213,0.0110,-32.0376,-22.7476,-84.5948,Bus
-102,9.2201,-0.6922,-0.2658,10.1477,0.0177,-0.0128,0.0025,-31.6626,-22.7476,-84.2198,Bus
-102,9.2201,0.2706,-0.4024,9.6184,0.0161,-0.0064,0.0019,-31.6626,-21.9976,-84.9698,Bus
-102,9.2201,0.9532,-0.5604,9.3837,0.0150,-0.0250,0.0062,-31.6626,-22.3726,-83.7823,Bus
-102,9.2201,-0.3832,-0.3425,9.7980,0.0129,-0.0149,0.0078,-32.4126,-23.1226,-84.1573,Bus
