None,16.0000,-1.1546,0.1335,9.1614,-0.0277,0.0194,-0.0003,427.5000,-55.4000,-46.7000,Car
None,16.0000,-1.2725,0.1095,9.3553,-0.0248,0.0232,-0.0067,427.5000,-55.4000,-46.7000,Car
None,16.0000,-1.3054,-0.3693,10.4082,-0.0117,0.0144,-0.0085,427.5000,-55.4000,-46.7000,Car
None,16.0000,-1.0906,-0.0988,9.9922,0.0208,-0.0565,-0.0035,427.5000,-55.4000,-46.3000,Car
None,16.0000,-1.1510,0.3226,7.8554,0.0834,-0.0226,0.0083,427.5000,-55.4000,-46.3000,Car
None,16.0000,-1.0738,0.2041,6.7151,0.0266,0.0852,0.0133,427.5000,-55.4000,-46.3000,Car
None,16.0000,-0.8871,-0.0413,9.2356,-0.1443,0.1739,0.0373,427.5000,-55.4000,-46.3000,Car
None,16.0000,-0.9439,-0.7452,13.4542,-0.2296,0.0234,0.0141,427.5000,-55.4000,-46.3000,Car
None,16.0000,-1.0864,-0.3735,11.5790,0.0368,-0.2229,-0.0336,427.5000,-55.4000,-46.3000,Car
None,16.0000,-1.0558,0.1149,10.3256,0.2029,-0.2855,-0.0493,427.5000,-55.4000,-46.3000,Car
None,16.0000,-1.4030,0.5477,8.4036,-0.0810,-0.0282,-0.0386,427.5000,-55.4000,-46.3000,Car
None,16.0000,-1.7705,0.0634,7.6393,-0.1135,0.2056,-0.0352,427.5000,-55.4000,-46.3000,Car
None,16.0000,-1.5880,-0.4381,9.0962,-0.0208,0.1518,-0.0104,427.5000,-55.4000,-46.3000,Car
None,16.0000,-1.5760,-0.7380,10.4848,0.0237,0.0410,0.0200,427.5000,-55.4000,-46.3000,Car
None,16.0000,-1.2875,-0.4615,9.6881,0.1041,-0.1214,0.0162,427.5000,-55.4000,-46.3000,Car
None,16.0000,-1.0277,0.2274,8.9453,0.0487,-0.1185,0.0264,427.5000,-55.4000,-46.3000,Car
None,16.0000,-1.2348,-0.1341,10.5578,-0.0868,0.0636,0.0402,427.5000,-55.4000,-46.3000,Car
None,16.0000,-0.9014,0.2831,12.0183,-0.1278,0.0668,0.0040,427.5000,-55.4000,-46.3000,Car
None,16.0000,-1.4461,0.6009,10.3040,0.0506,-0.0533,-0.0168,427.9000,-55.4000,-46.3000,Car
None,16.0000,-1.5682,0.4782,8.9783,0.1571,-0.1403,-0.0719,427.9000,-55.4000,-46.3000,Car
None,16.0000,-1.6945,0.1598,8.1295,0.0386,-0.0043,-0.0621,427.9000,-55.4000,-46.3000,Car
None,16.0000,-1.3521,-0.2699,8.2791,-0.0160,0.1225,-0.0229,427.9000,-55.4000,-46.3000,Car
None,16.0000,-1.1995,-0.5698,9.4248,0.0264,0.0208,0.0503,427.9000,-55.4000,-46.3000,Car
None,16.0000,-0.8853,-0.2622,9.8120,-0.0115,-0.0146,0.0629,427.9000,-55.4000,-46.3000,Car
None,16.0000,-1.0074,-0.0850,10.3364,-0.0482,-0.0868,0.0450,427.9000,-55.4000,-46.3000,Car
None,16.0000,-1.1007,0.1233,10.8140,-0.1132,-0.1204,0.0107,428.3000,-55.4000,-46.3000,Car
None,16.0000,-1.3174,0.5040,10.0568,-0.0831,-0.0117,-0.0128,428.3000,-55.4000,-46.3000,Car
None,16.0000,-1.3384,0.0724,10.1113,-0.0024,0.0242,-0.0349,428.3000,-55.4000,-46.3000,Car
None,16.0000,-1.3246,-0.0006,9.6271,0.0144,0.0021,-0.0328,428.3000,-55.4000,-46.3000,Car
None,16.0000,-0.9828,0.1000,8.8927,0.1103,-0.0021,-0.0301,428.3000,-55.4000,-46.3000,Car
None,16.0000,-1.2516,0.1820,9.2889,0.0927,0.0037,0.0083,428.3000,-55.4000,-46.3000,Car
None,16.0000,-0.9337,0.0569,10.8362,-0.0386,0.0479,0.0099,428.3000,-55.4000,-46.3000,Car
None,16.0000,-1.0409,0.0317,9.7001,-0.0615,0.0085,0.0213,428.3000,-55.4000,-46.3000,Car
None,16.0000,-1.2995,0.5136,8.9022,0.0636,0.0317,0.0093,428.3000,-55.8000,-46.3000,Car
None,16.0000,-1.1989,0.2556,8.8244,0.0115,0.1041,0.0013,428.3000,-55.8000,-46.3000,Car
None,16.0000,-1.1468,0.1311,11.0145,-0.0165,0.0274,0.0048,428.3000,-55.8000,-46.3000,Car
None,16.0000,-1.1923,-0.0946,11.5718,-0.0011,-0.1241,-0.0080,428.3000,-55.8000,-46.3000,Car
None,16.0000,-1.1372,0.3202,9.9754,0.0621,-0.1481,-0.0274,428.3000,-55.8000,-46.3000,Car
None,16.0000,-1.2007,0.5417,8.1558,0.0344,-0.0165,-0.0154,428.3000,-55.8000,-46.3000,Car
None,16.0000,-1.4736,0.0335,8.7257,-0.0692,0.1385,-0.0112,428.3000,-55.8000,-46.3000,Car
None,16.0000,-1.6185,0.1018,9.4194,-0.0767,0.0953,0.0008,428.3000,-55.8000,-46.3000,Car
None,16.0000,-1.5036,-0.1269,9.6678,-0.0019,-0.0266,0.0141,428.3000,-55.8000,-46.3000,Car
None,16.0000,-1.4838,-0.0922,9.2237,-0.0397,-0.0264,0.0091,428.3000,-55.8000,-46.3000,Car
None,16.0000,-1.5939,-0.1221,9.7157,-0.0802,-0.0141,0.0096,428.3000,-55.8000,-46.3000,Car
None,16.0000,-1.2516,-0.0838,10.7063,-0.0527,0.0085,0.0016,428.3000,-55.8000,-46.3000,Car
None,16.0000,-1.4413,0.3202,10.2382,0.0221,-0.0751,-0.0061,428.3000,-55.8000,-46.3000,Car
None,16.0000,-1.4694,0.4782,9.1381,0.0618,-0.0916,-0.0298,427.9000,-55.8000,-46.3000,Car
None,16.0000,-1.5646,0.4118,8.6161,-0.0101,-0.0442,-0.0288,427.9000,-55.8000,-46.3000,Car
None,16.0000,-1.4754,-0.0652,9.4786,-0.0256,0.0368,-0.0285,427.9000,-55.8000,-46.3000,Car
None,16.0000,-1.3330,-0.4034,10.3190,0.0045,-0.0298,0.0085,427.9000,-55.8000,-46.3000,Car
None,16.0000,-1.0421,-0.2041,9.4044,0.0658,-0.0874,0.0136,427.9000,-55.8000,-46.3000,Car
None,16.0000,-1.3557,-0.1706,8.3629,0.0269,-0.0570,0.0173,427.9000,-55.8000,-46.3000,Car
None,16.0000,-1.1744,-0.0820,9.0411,-0.0666,0.0474,0.0210,427.9000,-55.8000,-46.3000,Car
None,16.0000,-0.9685,0.0455,9.4236,-0.0575,0.0314,0.0240,427.9000,-55.8000,-46.3000,Car
None,16.0000,-1.2336,0.0162,9.9862,0.0141,-0.0325,0.0109,427.9000,-55.8000,-46.3000,Car
None,16.0000,-1.1696,-0.0144,10.9613,-0.0386,-0.0871,-0.0296,427.9000,-55.8000,-46.3000,Car
None,16.0000,-0.8446,0.2711,10.3950,-0.0194,-0.0911,-0.0391,427.9000,-55.8000,-46.3000,Car
None,16.0000,-0.8116,0.4549,9.4320,0.0751,-0.0160,-0.0213,427.9000,-55.8000,-46.3000,Car
None,16.0000,-0.8571,0.0856,9.5032,0.0479,0.0831,-0.0205,427.9000,-55.8000,-46.3000,Car
None,16.0000,-0.7392,0.0551,9.7408,0.0005,0.0607,-0.0083,427.9000,-55.8000,-46.3000,Car
None,16.0000,-1.1217,-0.0335,9.6630,0.0490,-0.0162,0.0085,427.9000,-55.8000,-46.3000,Car
None,16.0000,-1.0828,-0.0940,9.8426,0.0184,-0.0232,0.0027,427.9000,-55.8000,-45.9000,Car
None,16.0000,-0.9882,0.3364,9.2069,-0.0226,-0.0218,0.0176,427.9000,-55.8000,-45.9000,Car
None,16.0000,-1.1869,0.2975,8.8981,-0.0245,0.0330,0.0170,427.9000,-55.8000,-45.9000,Car
None,16.0000,-1.2019,0.1861,9.2476,-0.0735,0.0573,0.0099,427.9000,-55.8000,-45.9000,Car
None,16.0000,-1.3467,-0.0108,9.8665,-0.0716,0.0240,0.0024,427.9000,-55.8000,-45.9000,Car
None,16.0000,-1.1343,-0.2538,10.2179,-0.0266,-0.0189,-0.0128,427.9000,-55.8000,-45.9000,Car
None,16.0000,-1.0678,-0.2717,9.4391,0.0120,-0.0362,-0.0186,427.9000,-55.8000,-45.9000,Car
None,16.0000,-0.8685,0.0437,8.2786,0.0176,0.0197,-0.0013,427.9000,-55.8000,-45.9000,Car
None,16.0000,-1.0343,-0.0952,8.1936,-0.0368,0.0855,0.0093,427.9000,-55.8000,-45.9000,Car
None,16.0000,-1.0451,-0.2298,9.7252,-0.1222,0.0426,0.0064,427.9000,-55.8000,-45.9000,Car
None,16.0000,-1.2348,-0.2334,9.8898,-0.1148,-0.0461,-0.0027,427.9000,-55.8000,-45.9000,Car
None,16.0000,-1.4347,-0.1065,9.4697,-0.0365,-0.0418,-0.0229,427.9000,-55.8000,-45.9000,Car
None,16.0000,-1.3713,-0.2191,9.2021,-0.0594,-0.0021,-0.0306,427.9000,-55.8000,-45.9000,Car
None,16.0000,-1.4664,0.0557,9.4134,-0.0671,0.0197,-0.0200,427.9000,-55.8000,-45.9000,Car
None,16.0000,-1.3701,-0.2047,9.8629,-0.0253,0.0024,-0.0205,427.9000,-55.8000,-45.9000,Car
None,16.0000,-1.2959,-0.4543,10.6799,-0.0117,-0.0298,-0.0157,427.9000,-55.8000,-45.9000,Car
None,16.0000,-1.3162,-0.1574,10.7895,0.0280,-0.0786,-0.0117,427.9000,-55.8000,-45.9000,Car
None,16.0000,-1.3078,-0.2556,10.0975,0.0874,-0.0762,-0.0112,427.9000,-55.8000,-45.9000,Car
None,16.0000,-1.3821,-0.1371,9.4032,0.0852,-0.0439,-0.0048,427.9000,-55.8000,-45.9000,Car
None,16.0000,-1.4156,-0.1149,9.1201,0.0368,0.0405,0.0112,427.9000,-55.8000,-45.9000,Car
None,16.0000,-1.2594,-0.1197,8.3516,0.0362,0.0655,0.0146,427.9000,-55.8000,-45.9000,Car
None,16.0000,-1.1905,-0.0682,8.5048,0.0666,0.0280,0.0261,427.9000,-55.8000,-45.9000,Car
None,16.0000,-1.1654,-0.1101,9.6827,-0.0048,0.0005,0.0141,427.9000,-55.8000,-45.9000,Car
None,16.0000,-1.1839,0.0359,9.8988,-0.0509,-0.0490,0.0029,427.5000,-55.8000,-45.9000,Car
None,16.0000,-0.8984,0.3035,9.3805,-0.0415,-0.0554,-0.0130,427.5000,-55.8000,-45.9000,Car
None,16.0000,-1.0798,0.3765,9.4786,-0.0599,0.0250,-0.0242,427.5000,-55.8000,-45.9000,Car
None,16.0000,-0.9068,0.1538,9.6187,-0.0671,0.0551,-0.0450,427.5000,-55.8000,-45.9000,Car
None,16.0000,-0.9798,0.0144,9.9311,-0.0083,0.0021,-0.0306,427.5000,-55.8000,-45.9000,Car
None,16.0000,-0.9768,-0.0730,10.0084,0.0109,-0.0541,-0.0266,427.5000,-55.8000,-45.9000,Car
None,16.0000,-0.8733,-0.2113,9.4284,-0.0272,-0.0402,-0.0128,427.5000,-55.8000,-45.9000,Car
None,16.0000,-1.0433,-0.1365,8.7412,-0.0368,0.0000,0.0051,427.5000,-55.8000,-45.9000,Car
None,16.0000,-1.1031,-0.3926,9.3200,-0.0360,0.0197,0.0109,427.5000,-55.8000,-45.9000,Car
None,16.0000,-1.1402,-0.3807,10.2107,-0.0570,-0.0141,0.0160,427.5000,-55.8000,-45.9000,Car
None,16.0000,-1.1558,-0.1622,10.0790,-0.0096,-0.1244,0.0112,427.5000,-55.8000,-45.9000,Car
None,16.0000,-1.2270,0.1377,9.0106,-0.0032,-0.1222,-0.0109,427.5000,-55.8000,-45.9000,Car
None,15.0000,-1.2749,0.2113,8.1882,-0.0344,0.0514,-0.0186,427.5000,-55.8000,-45.9000,Car
None,15.0000,-1.0546,-0.2340,9.8569,-0.0554,0.1025,-0.0168,427.5000,-55.8000,-45.9000,Car
None,15.0000,-1.0612,-0.4154,10.6141,-0.0357,-0.0306,-0.0181,427.5000,-55.8000,-45.9000,Car
None,15.0000,-0.9810,0.0509,9.3344,0.1081,-0.1324,-0.0354,427.5000,-55.8000,-45.9000,Car
None,15.0000,-1.2061,-0.0072,8.6993,0.0439,-0.0740,-0.0272,427.5000,-55.8000,-45.9000,Car
None,15.0000,-1.0942,-0.1407,10.5315,-0.0764,0.0053,-0.0173,427.5000,-55.8000,-45.9000,Car
None,15.0000,-0.9577,-0.2215,11.1672,-0.0458,-0.0533,-0.0123,427.5000,-55.8000,-45.9000,Car
None,15.0000,-1.0421,0.1287,9.2727,0.1076,-0.0903,-0.0178,427.5000,-55.8000,-45.9000,Car
None,15.0000,-1.1283,0.1197,8.4114,0.0748,-0.0218,-0.0224,427.5000,-55.8000,-45.9000,Car
None,15.0000,-0.8697,-0.2598,9.5044,-0.0453,0.0482,-0.0019,427.5000,-55.8000,-45.9000,Car
None,15.0000,-0.7943,-0.0144,9.7899,-0.0200,-0.0109,0.0197,427.5000,-55.8000,-45.9000,Car
None,15.0000,-1.0391,0.0874,8.2498,0.0682,0.0011,0.0125,427.5000,-55.8000,-45.9000,Car
None,15.0000,-0.8176,-0.0778,9.3823,-0.0314,0.0455,-0.0029,427.9000,-55.8000,-45.9000,Car
None,15.0000,-0.6087,0.0575,9.9288,-0.1268,0.0306,0.0096,427.9000,-55.8000,-45.9000,Car
None,15.0000,-0.9092,0.2975,10.2825,0.0162,-0.0469,-0.0013,427.9000,-55.8000,-45.9000,Car
None,15.0000,-0.6841,0.3663,10.0000,0.0301,-0.0860,-0.0410,427.9000,-55.8000,-45.9000,Car
None,15.0000,-0.7428,0.3262,10.1807,-0.0487,-0.0410,-0.0320,427.9000,-55.8000,-45.9000,Car
None,15.0000,-1.1498,-0.1006,10.5698,-0.0445,-0.0272,-0.0421,427.9000,-55.8000,-45.9000,Car
None,15.0000,-0.8877,-0.0976,9.1590,0.0663,-0.0205,-0.0402,427.9000,-55.8000,-45.9000,Car
None,15.0000,-1.2713,-0.2185,7.9805,0.1185,0.0013,-0.0120,427.9000,-55.8000,-45.9000,Car
None,15.0000,-1.1259,-0.5207,10.0784,-0.0493,0.0269,-0.0005,427.9000,-55.8000,-45.9000,Car
None,15.0000,-0.9685,-0.4238,10.4788,-0.1145,-0.0352,0.0160,427.9000,-55.8000,-45.9000,Car
None,15.0000,-1.0834,0.0024,8.9693,0.0509,-0.0903,0.0154,427.9000,-55.8000,-45.9000,Car
None,15.0000,-1.2558,0.0281,9.0842,-0.0240,0.0282,-0.0085,427.9000,-55.8000,-45.9000,Car
None,15.0000,-1.0463,0.1520,9.9252,-0.1284,0.0730,-0.0170,427.9000,-55.8000,-45.9000,Car
None,15.0000,-1.0349,0.1484,10.4734,-0.0168,-0.0123,-0.0178,427.9000,-55.8000,-45.9000,Car
None,15.0000,-0.9050,0.0198,9.6648,0.0730,-0.0583,-0.0397,427.9000,-55.8000,-46.3000,Car
None,15.0000,-0.7775,0.0527,9.0214,0.0541,0.0029,-0.0229,427.9000,-55.8000,-46.3000,Car
None,15.0000,-0.6776,-0.1209,9.9395,-0.0043,0.0743,-0.0178,427.9000,-55.8000,-46.3000,Car
None,15.0000,-0.8062,-0.3915,11.2043,0.0240,0.0266,-0.0075,427.9000,-55.8000,-46.3000,Car
None,15.0000,-0.4968,0.0640,9.9934,0.0802,-0.0626,-0.0274,427.9000,-55.8000,-46.3000,Car
None,15.0000,-0.8074,0.4118,8.4288,0.0602,-0.0149,-0.0157,427.9000,-55.8000,-46.3000,Car
None,15.0000,-1.1331,0.1059,8.5742,-0.0623,0.1268,-0.0298,427.9000,-55.8000,-46.3000,Car
None,15.0000,-1.0534,-0.1730,10.3711,-0.0988,0.1068,-0.0181,427.9000,-55.8000,-46.3000,Car
None,15.0000,-1.0768,-0.2119,11.4084,-0.0048,-0.0365,-0.0128,427.9000,-55.8000,-46.3000,Car
None,15.0000,-0.9924,0.1790,10.3854,0.0682,-0.1089,-0.0277,427.9000,-55.8000,-46.3000,Car
None,15.0000,-0.9750,0.4741,8.1714,0.0157,-0.0573,-0.0336,427.9000,-55.8000,-46.3000,Car
None,15.0000,-1.1432,0.3555,8.4779,-0.0578,0.1465,-0.0165,427.9000,-55.8000,-46.3000,Car
None,15.0000,-0.9092,-0.4531,11.1749,-0.1193,0.1563,-0.0069,427.9000,-55.8000,-46.7000,Car
None,15.0000,-1.0582,-0.4824,11.6197,0.0101,-0.0306,0.0056,427.9000,-55.4000,-46.7000,Car
None,15.0000,-1.0050,0.0114,9.6193,0.1864,-0.2378,-0.0229,427.9000,-55.4000,-46.7000,Car
None,15.0000,-1.3635,0.2179,8.9669,0.0264,-0.0756,-0.0248,427.9000,-55.4000,-46.7000,Car
None,15.0000,-1.2629,0.0407,9.2135,-0.1577,0.0916,-0.0181,427.9000,-55.4000,-46.7000,Car
None,15.0000,-1.1935,-0.1107,9.2069,-0.0479,0.1076,-0.0040,427.9000,-55.4000,-46.7000,Car
None,15.0000,-1.0762,0.0533,8.0457,0.0660,0.0615,-0.0045,427.9000,-55.4000,-46.7000,Car
None,15.0000,-1.2198,-0.0569,8.2235,0.0314,0.0674,-0.0059,427.9000,-55.4000,-46.7000,Car
None,15.0000,-0.9445,0.0880,9.4421,-0.1113,0.0136,-0.0115,427.9000,-55.4000,-46.7000,Car
None,15.0000,-0.8170,-0.1568,11.1731,-0.1204,-0.0578,-0.0061,427.9000,-55.4000,-46.7000,Car
None,15.0000,-0.6668,-0.4028,11.9872,-0.0985,-0.1009,-0.0317,427.9000,-55.4000,-46.7000,Car
None,15.0000,-0.7823,0.2173,10.0706,-0.0365,-0.0999,-0.0578,427.9000,-55.4000,-46.7000,Car
None,15.2500,-0.9511,0.5549,7.8105,0.0666,-0.0575,-0.0695,427.9000,-55.4000,-46.7000,Car
None,15.2500,-1.1750,0.0670,7.4879,0.0373,0.0794,-0.0589,427.9000,-55.4000,-46.7000,Car
None,15.2500,-0.9726,-0.5578,10.3088,-0.0895,0.1680,-0.0107,427.9000,-55.4000,-46.7000,Car
None,15.2500,-0.6997,-0.6500,10.2340,-0.0157,-0.0258,0.0146,427.9000,-55.4000,-46.7000,Car
None,15.2500,-0.5399,-0.0628,9.0854,0.1449,-0.1467,0.0091,427.9000,-55.4000,-46.7000,Car
None,15.2500,-0.9397,0.1808,9.5589,-0.0216,-0.0610,-0.0075,427.9000,-55.4000,-46.7000,Car
None,15.2500,-1.1097,-0.0676,10.7224,-0.1425,-0.0123,-0.0336,427.9000,-55.4000,-46.7000,Car
None,15.2500,-0.9912,0.3292,11.4156,-0.0517,-0.1475,-0.0407,427.9000,-55.4000,-46.7000,Car
None,15.2500,-0.9756,0.5513,8.2522,0.0961,-0.2003,-0.0647,427.9000,-55.4000,-46.7000,Car
None,15.2500,-0.9295,0.6482,4.4622,0.1851,0.0671,-0.0698,427.9000,-55.4000,-46.7000,Car
None,15.2500,-1.1031,0.3178,2.1865,0.1286,0.4096,0.0061,427.9000,-55.4000,-46.7000,Car
None,15.2500,-0.0491,0.1431,6.0280,-0.0426,0.4517,0.0272,427.9000,-55.4000,-46.7000,Car
None,15.2500,0.0886,-3.4632,19.6127,-0.4226,0.2431,0.0724,427.9000,-55.4000,-46.7000,Car
None,15.2500,0.1077,-4.7148,19.5834,0.1057,-0.2479,-0.0264,427.9000,-55.4000,-46.7000,Car
None,15.2500,2.3427,-2.0129,16.4470,0.8269,-1.4975,-0.1891,427.9000,-55.8000,-46.7000,Car
None,15.2500,3.7104,3.0460,13.3722,-0.2594,-0.8298,0.0176,427.9000,-55.8000,-46.7000,Car
None,15.2500,1.6382,3.8948,10.9182,-0.6224,0.1901,0.0418,427.9000,-55.8000,-46.7000,Car
None,15.2500,-1.0678,1.4048,4.8770,-0.0546,0.7657,-0.1870,427.9000,-55.8000,-46.7000,Car
None,15.2500,-2.7144,-1.3886,2.6653,0.6884,0.9281,-0.3052,427.9000,-55.8000,-46.7000,Car
None,15.2500,-3.9331,-2.7886,7.3191,0.6218,0.1846,-0.2101,428.3000,-55.8000,-46.7000,Car
None,15.2500,-1.3982,-2.5630,12.7491,0.1638,-0.3332,0.0360,428.3000,-55.8000,-46.3000,Car
None,15.2500,0.0838,-3.3609,17.0156,-0.1904,-0.1100,0.1308,428.3000,-55.8000,-46.3000,Car
None,15.2500,0.0838,-3.3609,17.0156,0.0636,-0.7649,-0.0173,428.3000,-55.8000,-46.3000,Car
None,15.2500,1.7196,2.2547,9.0513,0.0117,-0.6956,-0.0277,428.3000,-55.8000,-46.3000,Car
None,15.2500,0.0437,2.6037,4.7495,-0.3947,0.7388,-0.0517,428.3000,-55.8000,-46.3000,Car
None,15.2500,-1.9794,0.8422,4.4335,-0.4615,1.0091,-0.2312,428.3000,-55.8000,-46.3000,Car
None,15.2500,-3.3860,-1.9752,8.2396,-0.3846,0.5052,-0.5060,428.3000,-55.8000,-46.3000,Car
None,15.2500,-1.7346,-1.8190,14.7770,0.1483,-0.5920,-0.2445,428.7000,-55.8000,-46.3000,Car
None,15.2500,-0.0539,-2.2847,9.5349,0.6756,-1.1920,0.0863,428.7000,-55.8000,-46.3000,Car
None,15.2500,0.4322,-1.3120,6.6212,0.1457,0.0820,0.0490,428.7000,-55.8000,-46.3000,Car
None,15.2500,1.7466,-0.6129,6.8773,-0.4663,0.2429,0.0863,428.7000,-55.8000,-46.3000,Car
None,15.2500,1.8914,0.0658,9.3272,-0.5883,0.2184,0.1063,429.1000,-55.8000,-46.3000,Car
None,15.2500,0.4878,-0.9870,11.0714,-0.3723,0.3364,-0.0418,429.1000,-55.8000,-46.7000,Car
None,15.2500,-0.0072,-0.4076,8.9382,0.0450,0.0173,-0.1736,429.1000,-55.8000,-46.7000,Car
None,15.2500,-0.0856,0.2041,7.9476,0.3028,-0.4671,-0.2051,429.1000,-55.8000,-46.7000,Car
None,15.2500,-0.0186,0.1981,7.5980,0.0684,-0.4530,-0.1928,429.1000,-55.8000,-46.7000,Car
None,15.2500,0.2801,-0.3938,7.5417,-0.1361,0.0732,-0.1076,429.5000,-55.8000,-46.7000,Car
None,15.2500,0.3711,-0.9481,10.8068,-0.1403,0.2336,-0.0330,429.5000,-55.8000,-46.7000,Car
None,15.2500,0.4549,-1.7502,11.6496,0.0064,0.0570,-0.0314,429.5000,-55.8000,-46.7000,Car
None,15.2500,0.3777,-1.0648,9.3721,0.2426,-0.1380,-0.0447,429.5000,-55.8000,-46.7000,Car
None,15.2500,0.4633,-0.3537,7.9697,0.1814,-0.3015,-0.0522,429.5000,-55.8000,-46.7000,Car
None,15.2500,0.1377,-0.9870,8.5910,-0.1196,-0.0123,-0.0517,429.5000,-55.8000,-46.7000,Car
None,15.2500,-0.5112,-1.6137,12.3433,-0.2831,0.1917,-0.0740,429.5000,-55.8000,-46.7000,Car
None,15.2500,-1.0169,-1.3832,10.8517,-0.0322,0.0352,-0.0850,429.9000,-55.8000,-46.7000,Car
None,15.2500,-1.0217,-0.8386,8.2402,0.3412,-0.2189,-0.0541,429.9000,-55.8000,-46.7000,Car
None,15.2500,-0.9134,-1.0145,8.3390,0.0533,-0.1100,-0.0700,429.9000,-55.8000,-46.7000,Car
None,15.2500,-0.8511,-1.4347,10.7625,-0.2660,0.1529,-0.0463,429.9000,-55.8000,-46.7000,Car
None,15.2500,-0.3585,-1.1408,11.5251,-0.0818,-0.0045,-0.0357,429.9000,-55.8000,-46.7000,Car
None,15.2500,-0.1670,-1.0870,8.6353,0.2474,-0.0719,-0.0293,429.9000,-55.8000,-46.7000,Car
None,15.2500,0.0329,-1.1420,9.5648,0.1041,0.0882,-0.0184,429.9000,-55.8000,-46.7000,Car
None,16.5000,0.1460,-1.4431,11.7304,-0.1664,0.0967,-0.0248,429.9000,-55.8000,-46.7000,Car
None,16.5000,0.1299,-1.6334,12.4498,-0.0226,-0.1278,-0.0586,429.9000,-55.8000,-46.3000,Car
None,16.5000,0.1634,-0.5626,10.1107,0.2418,-0.2711,-0.0700,429.9000,-55.8000,-46.3000,Car
None,16.5000,0.4322,-0.9062,9.4571,0.0594,-0.0253,-0.0530,429.9000,-55.8000,-46.3000,Car
None,16.5000,0.2424,-0.9876,8.8645,-0.1513,0.1382,-0.0506,429.9000,-55.8000,-46.3000,Car
None,16.5000,-0.0168,-1.2665,8.7694,0.0402,0.0064,-0.0783,429.9000,-55.8000,-46.3000,Car
None,16.5000,0.0066,-1.0235,9.3559,0.0996,-0.0133,-0.0751,429.9000,-55.8000,-46.3000,Car
None,16.5000,0.1030,-1.8741,11.1019,-0.0423,0.0075,-0.0676,429.5000,-55.8000,-46.3000,Car
None,16.5000,0.2891,-1.5610,11.3491,-0.1063,-0.1329,-0.0908,429.5000,-55.8000,-46.3000,Car
None,16.5000,0.6111,-0.6123,9.8180,0.0349,-0.2149,-0.1052,429.5000,-55.8000,-46.3000,Car
None,16.5000,0.6470,-0.4986,9.3931,0.0075,-0.0088,-0.0695,429.5000,-55.8000,-46.3000,Car
None,16.5000,0.5495,-0.6536,9.6397,-0.1060,0.0463,-0.0919,429.5000,-55.8000,-46.3000,Car
None,16.5000,0.4591,-0.9080,8.6353,-0.0005,0.0232,-0.0959,429.5000,-55.8000,-46.3000,Car
None,16.5000,0.4310,-0.8972,8.2606,0.1313,-0.0642,-0.0706,429.5000,-55.8000,-46.3000,Car
None,16.5000,0.3555,-1.3012,7.8907,0.0349,0.0008,-0.0644,429.5000,-55.8000,-45.9000,Car
None,16.5000,0.7667,-0.8655,9.5301,-0.0831,0.0482,-0.0511,429.5000,-55.8000,-45.9000,Car
None,16.5000,0.8134,-0.6752,9.8432,-0.0956,-0.0242,-0.0469,429.9000,-55.8000,-45.9000,Car
None,16.5000,0.7895,-0.0826,9.3069,0.0160,-0.1372,-0.1015,429.9000,-55.8000,-45.9000,Car
None,16.5000,1.1007,0.4100,8.9322,-0.0538,-0.1840,-0.1244,429.9000,-55.8000,-45.9000,Car
None,16.5000,0.8829,0.3130,10.9493,-0.2056,-0.1012,-0.1276,429.9000,-55.8000,-45.9000,Car
None,16.5000,0.4351,0.2143,11.0762,-0.1768,-0.0288,-0.1901,430.3000,-55.8000,-45.9000,Car
None,16.5000,0.2676,0.3759,9.5463,0.1230,-0.0346,-0.1787,430.3000,-55.8000,-45.5000,Car
None,16.5000,0.6548,0.5854,8.0589,0.1827,-0.1393,-0.1475,430.3000,-55.8000,-45.5000,Car
None,16.5000,0.6961,0.1053,8.3378,-0.0059,0.0357,-0.0858,430.3000,-55.8000,-45.5000,Car
None,16.5000,0.6512,-0.9092,14.2000,-0.1768,0.2511,-0.0786,430.3000,-55.8000,-45.5000,Car
None,16.5000,0.3789,-1.2157,12.3655,0.0517,0.0663,-0.1188,430.7000,-55.8000,-45.5000,Car
None,16.5000,0.5824,0.2676,8.5168,0.5217,-0.2237,-0.1206,430.7000,-55.8000,-45.1000,Car
None,16.5000,0.9679,1.3713,8.4090,0.1838,-0.3979,-0.0751,430.7000,-55.8000,-45.1000,Car
None,16.5000,0.5914,0.4525,8.7843,-0.3212,0.0613,-0.0658,430.7000,-55.8000,-45.1000,Car
None,16.5000,-0.5489,-0.7075,11.9064,-0.2788,0.5742,-0.1611,430.7000,-55.8000,-45.1000,Car
None,16.5000,-0.5291,-0.3041,12.0494,0.2562,-0.0056,-0.2125,430.7000,-55.8000,-44.6000,Car
None,16.5000,0.1568,0.4752,7.1736,0.6328,-0.3925,-0.1252,430.7000,-55.8000,-44.6000,Car
None,16.5000,1.0463,0.7344,6.5212,0.1928,-0.1864,-0.0535,430.7000,-55.8000,-44.6000,Car
None,16.5000,1.7915,0.5716,11.9806,-0.4764,0.1286,-0.0189,430.7000,-55.8000,-44.2000,Car
None,16.5000,0.2999,-0.8930,14.4909,-0.4844,0.3084,-0.1925,430.7000,-55.8000,-44.2000,Car
None,16.5000,-0.0982,0.5662,9.0094,0.4341,-0.1172,-0.2788,430.7000,-55.4000,-44.2000,Car
None,16.5000,0.6219,1.5514,7.2227,0.5973,-0.5092,-0.1848,430.7000,-55.4000,-44.2000,Car
None,16.5000,1.2474,1.6352,6.3219,-0.2109,-0.1798,-0.1446,430.7000,-55.4000,-44.2000,Car
None,16.5000,0.5513,0.7991,7.2179,-0.5675,0.4892,-0.1289,430.7000,-55.0000,-44.2000,Car
None,16.5000,0.7416,-0.5543,13.3183,-0.2834,0.1872,-0.2248,430.7000,-55.0000,-44.2000,Car
None,16.5000,0.3334,-0.6470,12.5396,0.2439,-0.3739,-0.1819,430.7000,-55.0000,-44.2000,Car
None,16.5000,1.0600,0.3412,8.2019,0.5619,-0.3683,-0.1731,430.7000,-55.0000,-44.2000,Car
None,16.5000,2.7839,1.6885,8.3312,0.0413,-0.5015,-0.0839,430.7000,-55.0000,-44.2000,Car
None,16.5000,2.8706,1.1905,8.8406,-0.4908,-0.1790,0.0053,431.1000,-54.6000,-44.2000,Car
None,16.5000,1.1558,-0.0700,10.5357,-0.4562,0.5321,-0.1310,431.1000,-54.6000,-44.2000,Car
None,16.5000,0.4741,-0.7643,11.7801,0.0722,0.3585,-0.2421,431.1000,-54.6000,-44.2000,Car
None,16.5000,0.6339,0.5040,8.7514,0.4746,-0.2724,-0.2503,431.1000,-54.6000,-44.6000,Car
None,16.5000,1.3186,0.9343,8.4461,0.2706,-0.4826,-0.1776,431.1000,-54.6000,-44.6000,Car
None,16.5000,1.1199,0.1395,9.9868,-0.2671,-0.3324,-0.1704,431.5000,-54.1000,-44.6000,Car
None,16.5000,0.7985,-0.1035,11.9267,-0.4344,0.0999,-0.2298,431.5000,-54.1000,-45.0000,Car
None,16.2500,-0.8637,-0.5698,9.7468,-0.0178,0.1712,-0.2096,431.5000,-53.7000,-45.0000,Car
None,16.2500,-0.7853,-0.1652,5.8802,0.4685,-0.2344,-0.2956,431.5000,-53.7000,-45.0000,Car
None,16.2500,0.0670,0.5154,2.3098,0.4519,-0.0903,-0.1459,431.5000,-53.7000,-45.5000,Car
None,16.2500,1.5586,1.6269,2.3972,0.0272,0.4788,0.0517,431.5000,-53.7000,-45.5000,Car
None,16.2500,3.3435,-0.4537,17.5315,-0.6091,0.6013,0.1060,431.5000,-53.7000,-45.5000,Car
None,16.2500,0.5716,-2.9066,19.1572,-0.6011,0.2256,-0.2096,431.5000,-53.7000,-45.5000,Car
None,16.2500,2.2769,-0.1772,11.4114,1.1574,-0.7670,-0.2551,431.5000,-53.7000,-45.9000,Car
None,16.2500,6.2112,2.1129,13.3920,0.3696,-1.2040,-0.1356,431.5000,-53.7000,-45.9000,Car
None,16.2500,6.4296,2.6127,13.7170,-0.6661,-0.1020,0.1068,432.2000,-54.1000,-46.3000,Car
None,16.2500,0.4543,0.5656,9.5008,-0.4418,1.5268,-0.0884,432.9000,-54.1000,-46.3000,Car
None,16.2500,-3.5775,0.4202,9.6385,0.4626,1.1268,-0.3870,433.5000,-54.1000,-46.3000,Car
None,16.2500,-1.6586,0.9421,9.5439,0.7550,-0.5039,-0.4173,433.5000,-54.5000,-46.3000,Car
None,16.2500,0.1712,0.4160,8.1265,0.1763,-0.4269,-0.2376,432.5000,-54.5000,-46.3000,Car
None,16.2500,1.1343,0.1778,11.3144,-0.2929,0.1398,-0.1510,432.5000,-54.5000,-46.3000,Car
None,16.2500,0.1532,-0.2352,12.1308,-0.4511,0.2565,-0.1401,432.5000,-54.5000,-46.3000,Car
None,16.2500,-0.4579,0.8134,8.6251,0.0897,-0.1491,-0.2027,432.5000,-54.5000,-46.3000,Car
None,16.2500,0.5309,1.0918,6.4075,0.2719,-0.3374,-0.1728,432.5000,-54.5000,-46.3000,Car
None,16.2500,1.6622,1.1558,6.4853,-0.2514,-0.0431,-0.0746,432.5000,-54.5000,-46.3000,Car
None,16.2500,1.4246,0.5555,9.7324,-0.6189,0.3824,-0.1095,433.0000,-54.5000,-46.3000,Car
None,16.2500,0.9858,-0.6147,12.4696,-0.3390,0.1457,-0.1859,433.0000,-54.5000,-46.3000,Car
None,16.2500,1.1307,0.0802,10.2059,0.3931,-0.4583,-0.1726,433.0000,-54.5000,-46.3000,Car
None,16.2500,2.4008,0.7093,10.3208,0.4764,-0.6155,-0.1443,433.0000,-55.0000,-46.3000,Car
None,16.2500,3.8391,1.3144,11.2611,-0.1526,-0.4786,-0.1065,433.0000,-55.0000,-46.3000,Car
None,16.2500,2.4163,0.3100,10.4381,-0.3864,0.1310,-0.0985,433.0000,-55.0000,-46.3000,Car
None,16.2500,1.2151,0.0527,8.8514,-0.1007,0.5044,-0.1830,433.0000,-55.0000,-46.3000,Car
None,16.2500,0.7093,0.2143,7.7590,0.2639,0.1150,-0.1832,433.0000,-55.0000,-46.3000,Car
None,16.2500,0.6680,-0.1676,7.2502,0.2144,-0.1361,-0.1750,433.0000,-55.0000,-46.3000,Car
None,16.2500,1.1331,-0.0192,9.3823,-0.0133,-0.0365,-0.1459,433.0000,-55.0000,-46.3000,Car
None,16.2500,1.0828,-0.5040,12.1284,-0.1342,0.0658,-0.1372,433.0000,-54.2000,-46.3000,Car
None,16.2500,0.9697,0.0072,11.6424,0.0679,0.0716,-0.1803,433.0000,-53.3000,-46.3000,Car
None,16.2500,1.4796,1.3695,10.0730,0.2815,-0.1483,-0.1755,433.0000,-53.3000,-46.3000,Car
None,16.2500,1.8459,2.1195,9.9096,0.0751,-0.2565,-0.1630,433.0000,-53.3000,-46.3000,Car
None,16.2500,1.0056,1.2001,9.5373,-0.1774,0.1081,-0.1784,433.0000,-53.3000,-46.3000,Car
None,16.2500,0.4794,0.4621,9.7821,-0.0791,0.4370,-0.1963,433.0000,-53.3000,-46.3000,Car
None,16.2500,0.5854,0.0922,10.6410,0.1915,0.1569,-0.1659,433.0000,-53.3000,-46.7000,Car
None,16.2500,1.1666,0.5531,9.4745,0.3108,-0.1696,-0.1172,433.4000,-53.7000,-46.7000,Car
None,16.2500,1.7891,0.3903,9.7360,0.1318,-0.1350,-0.0921,433.4000,-53.7000,-46.7000,Car
None,16.2500,1.6993,0.3346,11.4922,-0.2075,-0.0133,-0.0980,433.4000,-53.7000,-46.7000,Car
None,16.2500,1.2270,0.3909,10.6434,-0.2077,0.1614,-0.1566,433.4000,-53.7000,-47.1000,Car
None,16.2500,1.1642,0.5004,10.0299,0.0144,0.0125,-0.2021,433.8000,-53.7000,-47.1000,Car
None,16.2500,1.1785,0.5632,9.7157,0.0210,-0.2517,-0.2186,433.8000,-53.7000,-47.1000,Car
None,16.2500,1.0708,0.2885,9.2141,-0.0501,-0.0975,-0.2037,433.8000,-53.7000,-47.1000,Car
None,16.2500,1.3689,0.2005,9.0273,-0.0346,0.1142,-0.1545,433.8000,-53.7000,-47.1000,Car
None,16.2500,1.5808,0.0634,9.9611,-0.0242,0.0770,-0.1265,433.8000,-53.7000,-47.1000,Car
None,16.2500,1.8280,0.2496,10.5812,-0.0354,0.0024,-0.1302,434.2000,-53.7000,-47.1000,Car
None,16.2500,1.6490,0.2191,11.2773,0.0213,-0.1001,-0.1806,434.2000,-53.7000,-47.1000,Car
None,16.2500,1.7280,0.5866,11.0804,0.0578,-0.2261,-0.2370,434.2000,-53.7000,-47.1000,Car
None,16.2500,1.7705,1.0576,9.9186,0.0948,-0.1808,-0.2245,434.6000,-53.7000,-47.1000,Car
None,16.2500,1.4407,1.0882,9.0178,0.0634,-0.0194,-0.2003,434.6000,-53.7000,-47.1000,Car
None,16.2500,1.1175,0.7602,8.5383,0.0285,0.0948,-0.1670,434.6000,-53.7000,-47.1000,Car
None,15.7500,1.0588,0.3699,9.8462,0.0360,0.1103,-0.1403,434.6000,-54.2000,-47.1000,Car
None,15.7500,1.2983,0.0335,10.9080,0.0842,-0.0237,-0.1489,434.6000,-54.2000,-46.6000,Car
None,15.7500,1.5598,-0.0736,11.8094,0.1537,-0.1635,-0.1529,434.6000,-54.2000,-46.6000,Car
None,15.7500,1.6843,0.6183,11.5215,0.1172,-0.2916,-0.1763,434.6000,-54.2000,-46.6000,Car
None,15.7500,1.9411,1.4347,7.9703,0.0370,-0.1073,-0.1870,434.6000,-54.2000,-46.2000,Car
None,15.7500,1.2719,1.1672,6.8229,-0.0237,0.1782,-0.1497,434.6000,-54.2000,-46.2000,Car
None,15.7500,0.7075,0.7649,8.2953,-0.1816,0.1888,-0.1710,434.2000,-54.2000,-46.2000,Car
None,15.7500,0.9894,0.6153,9.7300,-0.2173,0.2328,-0.2008,434.2000,-54.2000,-45.8000,Car
None,15.7500,0.7488,-0.1131,11.5748,0.0866,0.0991,-0.1542,434.2000,-53.7000,-45.8000,Car
None,15.7500,1.2312,0.4028,10.7314,0.2653,-0.3739,-0.2093,434.2000,-53.7000,-45.8000,Car
None,15.7500,2.5337,1.8771,8.3534,0.2309,-0.5731,-0.1587,434.2000,-53.7000,-45.8000,Car
None,15.7500,3.2112,2.2990,8.4815,-0.1316,-0.2863,-0.0570,434.2000,-53.7000,-45.8000,Car
None,15.7500,2.1913,1.1169,11.1755,-0.4376,0.2884,-0.0794,433.8000,-53.7000,-46.4000,Car
None,15.7500,-0.1239,-1.1696,11.3904,-0.3220,0.7396,-0.2144,433.8000,-53.3000,-46.4000,Car
None,15.7500,0.2729,0.7278,5.0554,0.4466,0.3020,-0.2386,433.8000,-53.3000,-46.0000,Car
None,15.7500,1.3521,1.7885,3.7224,0.6272,-0.4634,-0.0399,433.8000,-53.3000,-46.0000,Car
None,15.7500,2.7444,1.8435,5.5115,-0.1007,-0.5057,0.0301,433.8000,-53.3000,-46.0000,Car
None,15.7500,1.2803,-0.8751,15.2834,-0.9103,0.5009,-0.0059,433.8000,-53.3000,-46.0000,Car
None,15.7500,0.2490,-2.9592,16.1866,-0.8543,0.9377,-0.3044,433.8000,-52.9000,-46.4000,Car
None,15.7500,1.2611,0.5088,9.0734,0.7342,-0.3971,-0.2882,433.8000,-52.9000,-46.4000,Car
None,15.7500,3.0957,2.8222,8.0433,0.7784,-1.1625,-0.2248,433.8000,-52.9000,-46.4000,Car
None,15.7500,3.8870,3.7050,7.5759,-0.3164,-0.8661,-0.2357,433.8000,-52.9000,-46.4000,Car
None,15.7500,1.7795,1.2366,8.6425,-1.0373,0.7108,-0.2208,433.8000,-52.4000,-46.4000,Car
None,15.7500,-1.6999,-0.9798,10.2023,-0.5790,1.4200,-0.3617,433.8000,-52.4000,-46.4000,Car
None,15.7500,-1.6843,-0.0305,8.8873,0.6264,0.2527,-0.3704,433.8000,-52.0000,-46.4000,Car
None,15.7500,0.4657,1.0139,8.9729,1.0120,-0.8069,-0.1654,433.8000,-52.0000,-46.8000,Car
None,15.7500,1.8304,0.6087,12.1482,0.1390,-0.7409,-0.1305,433.8000,-51.6000,-46.8000,Car
None,15.7500,1.9609,0.2771,14.3670,-0.5161,0.0322,-0.1422,433.8000,-51.6000,-46.8000,Car
None,15.7500,1.4066,1.1343,12.0895,-0.1004,0.3587,-0.1518,434.2000,-51.6000,-46.8000,Car
None,15.7500,0.7919,2.3415,9.1860,0.3971,0.0426,-0.1350,434.2000,-51.6000,-46.8000,Car
None,15.7500,0.6704,2.4134,7.3484,0.3092,-0.0746,-0.1763,434.2000,-51.6000,-46.8000,Car
None,15.7500,0.5489,1.1307,8.1846,-0.0304,0.0368,-0.1691,434.2000,-51.2000,-46.8000,Car
None,15.7500,-0.1143,0.4040,10.3136,-0.1822,0.2266,-0.1329,434.7000,-51.2000,-46.8000,Car
None,15.7500,0.2334,0.3992,10.4776,0.1254,0.0775,-0.1249,434.7000,-50.8000,-46.8000,Car
None,15.7500,1.1803,1.2791,9.4391,0.3947,-0.2245,-0.0698,434.7000,-50.8000,-46.8000,Car
None,15.7500,2.0842,1.8627,10.3495,0.1491,-0.1965,-0.0796,435.1000,-50.8000,-46.8000,Car
None,15.7500,2.2332,1.9321,11.8256,-0.2407,0.0407,-0.1076,435.1000,-50.8000,-46.8000,Car
None,15.7500,1.6729,1.9585,11.5203,-0.2123,0.1614,-0.2019,435.1000,-50.8000,-46.8000,Car
None,15.7500,1.1875,1.9309,10.2508,0.0626,-0.0240,-0.2517,435.1000,-50.8000,-46.8000,Car
None,15.7500,1.3318,1.9716,8.7927,0.1625,-0.1127,-0.2376,435.5000,-50.8000,-46.8000,Car
None,15.7500,1.3378,1.4742,9.3212,0.0541,0.0474,-0.1617,435.5000,-50.8000,-46.8000,Car
None,15.7500,1.1809,0.8787,11.2432,-0.0988,0.1880,-0.1174,435.5000,-50.4000,-46.8000,Car
None,15.7500,0.8954,0.7727,11.1360,-0.0165,0.1609,-0.1196,435.9000,-50.4000,-46.8000,Car
None,15.7500,1.4204,1.3659,9.8174,0.1395,-0.0623,-0.1281,435.9000,-50.4000,-46.4000,Car
None,15.7500,1.4443,1.7376,9.1363,0.0450,-0.1646,-0.1286,435.9000,-50.4000,-46.4000,Car
None,15.7500,0.9954,1.2582,9.5762,-0.1550,0.0629,-0.1622,435.9000,-50.4000,-46.4000,Car
None,15.7500,0.3843,0.9553,9.6498,-0.1894,0.3113,-0.1976,435.9000,-50.4000,-46.4000,Car
None,15.7500,0.2304,1.1618,9.2949,0.0240,0.1449,-0.2160,436.3000,-50.4000,-46.4000,Car
None,15.7500,0.7290,1.3635,8.8256,0.1281,-0.1846,-0.2080,436.3000,-50.4000,-46.4000,Car
None,15.7500,0.8697,1.3449,8.3013,0.0045,-0.0895,-0.1787,436.3000,-50.4000,-46.4000,Car
None,12.7500,1.0564,1.1163,9.4355,-0.1185,0.1606,-0.1558,436.3000,-50.4000,-46.4000,Car
None,12.7500,0.9200,1.0337,10.7727,-0.1534,0.1776,-0.1577,436.3000,-50.4000,-46.4000,Car
None,12.7500,1.1181,1.2701,9.2865,0.0226,0.0386,-0.1827,436.3000,-50.4000,-46.4000,Car
None,12.7500,1.5496,1.9632,8.1732,0.1334,-0.0751,-0.1571,436.3000,-50.4000,-46.4000,Car
None,12.7500,1.3773,1.5921,8.7849,-0.0357,-0.0397,-0.1403,436.3000,-50.4000,-46.4000,Car
None,12.7500,0.8787,1.0110,10.6003,-0.2197,0.2120,-0.1566,436.3000,-50.4000,-46.4000,Car
None,12.7500,0.6728,0.9110,10.5710,-0.0913,0.1987,-0.1827,436.7000,-50.4000,-46.4000,Car
None,12.7500,0.7895,1.3665,9.5696,0.1265,-0.1055,-0.1870,436.7000,-50.0000,-46.0000,Car
None,12.7500,0.6865,1.3629,9.0615,0.0535,-0.2152,-0.1965,436.7000,-50.0000,-46.0000,Car
None,12.7500,0.4465,0.9577,8.9549,-0.1494,0.0541,-0.2048,436.7000,-50.0000,-46.0000,Car
None,12.7500,0.0431,0.8458,9.0172,-0.1744,0.2527,-0.1862,436.7000,-50.0000,-46.0000,Car
None,12.7500,0.3095,0.9086,8.4623,-0.0482,0.1406,-0.1917,436.7000,-49.6000,-46.0000,Car
None,12.7500,0.6901,0.8954,8.2169,0.0266,-0.0317,-0.1577,436.7000,-49.6000,-46.0000,Car
None,12.7500,0.8314,1.0523,9.0513,-0.0583,-0.0482,-0.1457,436.7000,-49.6000,-46.0000,Car
None,12.7500,0.7709,1.0086,9.6564,-0.1294,0.0676,-0.1438,436.7000,-49.2000,-46.0000,Car
None,12.7500,1.0193,0.9912,10.6524,-0.0743,0.0399,-0.1702,436.7000,-49.2000,-46.0000,Car
None,12.7500,1.2186,1.1959,11.5724,-0.0165,-0.1023,-0.1862,436.7000,-49.2000,-46.0000,Car
None,12.7500,1.2468,1.3240,11.0002,0.0328,-0.0874,-0.1843,437.1000,-49.2000,-46.0000,Car
None,12.7500,0.8643,1.5006,9.3841,0.0815,0.0594,-0.1726,437.1000,-48.8000,-46.0000,Car
None,12.7500,0.6901,1.3342,8.5994,0.0623,0.0977,-0.1718,437.1000,-48.8000,-46.0000,Car
None,12.7500,0.3711,0.4495,9.4385,-0.0426,0.1356,-0.1427,437.1000,-48.8000,-46.0000,Car
None,12.7500,-0.0012,0.1113,10.0652,-0.0804,0.1989,-0.1374,437.1000,-48.8000,-46.0000,Car
None,12.7500,0.1598,0.4250,9.9395,0.0772,0.0405,-0.1670,437.1000,-48.3000,-45.6000,Car
None,12.7500,0.2783,0.7973,9.9653,0.1119,-0.0967,-0.1641,437.1000,-48.3000,-45.6000,Car
None,12.7500,0.4322,1.1175,10.3310,-0.0202,-0.1113,-0.1880,437.5000,-48.3000,-45.6000,Car
None,12.7500,0.3202,1.0594,10.7913,-0.1382,0.0730,-0.1798,437.5000,-47.9000,-45.6000,Car
None,12.7500,0.2191,1.0169,10.7643,-0.0783,0.1499,-0.1720,437.5000,-47.9000,-45.6000,Car
None,12.7500,0.3298,0.8003,10.2789,0.1047,0.0597,-0.1478,437.5000,-47.9000,-45.6000,Car
None,12.7500,0.6117,0.7123,10.1287,0.1483,-0.0141,-0.1318,437.5000,-47.5000,-45.6000,Car
None,12.7500,0.7392,0.4884,10.0389,0.0842,0.0368,-0.1071,437.5000,-47.5000,-45.6000,Car
None,12.7500,0.7368,0.3579,10.3956,0.0264,0.1065,-0.0999,437.5000,-47.5000,-45.6000,Car
None,12.7500,0.7643,0.3651,10.7200,0.0136,0.0722,-0.1100,437.5000,-47.5000,-45.6000,Car
None,12.7500,0.5345,0.5369,9.9407,0.0421,-0.0101,-0.1318,437.9000,-47.5000,-45.6000,Car
None,12.7500,0.2340,0.9182,8.7275,0.0394,-0.0439,-0.1595,437.9000,-47.5000,-45.6000,Car
None,12.7500,-0.0509,0.7033,8.2803,-0.0320,-0.0077,-0.1704,437.9000,-47.1000,-45.6000,Car
None,12.7500,-0.1377,0.4794,9.6013,-0.1334,0.0695,-0.1654,437.9000,-47.1000,-45.2000,Car
None,12.7500,-0.1287,0.0706,11.1947,-0.1369,0.0738,-0.1667,437.9000,-47.1000,-45.2000,Car
None,12.7500,0.1012,0.4896,10.7428,0.0266,-0.0975,-0.1776,437.9000,-47.1000,-45.2000,Car
None,12.7500,0.6512,0.9685,8.9238,0.1073,-0.2490,-0.1760,437.9000,-47.1000,-45.2000,Car
None,12.7500,0.7512,1.0582,7.3909,-0.0149,-0.1153,-0.1329,437.9000,-47.1000,-45.2000,Car
None,12.7500,0.5471,0.4782,8.5168,-0.1894,0.1129,-0.1419,437.9000,-46.7000,-45.2000,Car
None,12.7500,0.2466,0.1844,10.1203,-0.2530,0.1811,-0.1305,437.9000,-46.7000,-45.2000,Car
None,12.7500,0.3891,0.3292,8.5551,0.0205,-0.0141,-0.1382,437.9000,-46.7000,-45.2000,Car
None,12.7500,0.7458,0.5590,7.2622,0.2221,-0.2578,-0.1356,437.9000,-46.7000,-45.2000,Car
None,12.7500,1.0558,0.4166,8.6508,0.0011,-0.2719,-0.1345,437.9000,-46.3000,-44.8000,Car
None,12.7500,1.1953,0.3921,10.9445,-0.2724,0.0597,-0.1073,438.3000,-46.3000,-44.8000,Car
None,12.7500,1.3455,0.4663,10.4321,-0.1300,0.1539,-0.1140,438.3000,-46.3000,-44.8000,Car
None,12.7500,1.3731,0.8781,9.4409,0.1822,-0.2304,-0.1523,438.3000,-46.3000,-44.8000,Car
None,12.7500,1.2701,1.2312,8.0816,0.1185,-0.2956,-0.1656,438.3000,-46.3000,-44.8000,Car
None,12.7500,0.8242,0.6530,7.9499,-0.0985,0.0011,-0.1622,438.3000,-45.8000,-44.8000,Car
None,12.7500,0.3717,0.2185,8.7843,-0.1917,0.2557,-0.1417,438.3000,-45.8000,-44.8000,Car
None,12.2500,0.1024,-0.5255,10.4411,-0.0639,0.1683,-0.1619,438.3000,-45.8000,-44.8000,Car
None,12.2500,0.6985,0.2520,9.3368,0.1180,-0.1188,-0.1622,438.3000,-45.4000,-44.8000,Car
None,12.2500,1.1450,0.6764,8.9411,0.1672,-0.2455,-0.1276,438.3000,-45.4000,-44.8000,Car
None,12.2500,1.3372,0.7643,10.0826,-0.0924,-0.1326,-0.1220,438.7000,-45.4000,-44.8000,Car
